Date,Close,High,Low,Open,Volume,zero_volume_day
2010-03-04,12.1434927,12.1434927,12.08185119,12.08185119,1833613,False
2010-03-07,12.1434927,12.20513505,12.08185119,12.1434927,2883045,False
2010-03-08,12.1434927,12.1434927,12.08185119,12.1434927,1786721,False
2010-03-09,12.02020836,12.14349221,12.02020836,12.08185071,1571287,False
2010-03-10,12.08185101,12.14349251,12.02020865,12.02020865,1610631,False
2010-03-11,12.02020836,12.14349221,12.02020836,12.08185071,1474204,False
2010-03-14,12.02020836,12.08185071,11.95856601,12.08185071,1927883,False
2010-03-15,12.08185101,12.08185101,12.02020865,12.02020865,1529704,False
2010-03-16,12.02020836,12.08185071,12.02020836,12.02020836,1727295,False
2010-03-17,12.02020836,12.02020836,12.02020836,12.02020836,0,True
2010-03-18,12.1434927,12.1434927,12.02020884,12.02020884,5867658,False
2010-03-21,12.08185101,12.14349251,12.02020865,12.08185101,2002758,False
2010-03-22,12.08185101,12.08185101,12.02020865,12.08185101,2271821,False
2010-03-23,12.08185101,12.14349251,12.02020865,12.08185101,2010920,False
2010-03-24,12.02020836,12.14349221,12.02020836,12.08185071,4044379,False
2010-03-25,12.08185101,12.08185101,12.02020865,12.08185101,2064260,False
2010-03-28,12.02020836,12.08185071,11.95856601,12.08185071,4898837,False
2010-03-29,12.02020836,12.02020836,12.02020836,12.02020836,0,True
2010-03-30,12.02020836,12.02020836,12.02020836,12.02020836,0,True
2010-03-31,12.02020836,12.02020836,11.95856601,12.02020836,2169978,False
2010-04-01,12.02020836,12.02020836,11.95856601,12.02020836,1924158,False
2010-04-04,12.02020836,12.02020836,12.02020836,12.02020836,0,True
2010-04-05,12.02020836,12.02020836,12.02020836,12.02020836,0,True
2010-04-06,11.95856667,12.02020902,11.89692431,12.02020902,2074013,False
2010-04-07,11.89692402,11.95856637,11.89692402,11.95856637,1507492,False
2010-04-08,11.89692402,11.95856637,11.89692402,11.89692402,1714264,False
2010-04-11,11.83528137,11.95856607,11.83528137,11.95856607,3221302,False
2010-04-12,11.83528137,11.89692372,11.77364072,11.83528137,3005687,False
2010-04-13,11.83528137,11.89692372,11.77364072,11.83528137,1964128,False
2010-04-14,11.77364063,11.83528129,11.77364063,11.83528129,1264593,False
2010-04-15,11.77364063,11.83528129,11.71199828,11.83528129,2265484,False
2010-04-18,11.71199799,11.83528099,11.71199799,11.77364033,1814556,False
2010-04-19,11.71199799,11.77364033,11.65035564,11.71199799,1826617,False
2010-04-20,11.65035534,11.71199769,11.65035534,11.65035534,1971047,False
2010-04-21,11.21886158,11.588714,11.09557687,11.588714,6942179,False
2010-04-22,11.15721893,11.28050363,11.09557658,11.21886128,5402227,False
2010-04-25,11.15721893,11.15721893,11.15721893,11.15721893,0,True
2010-04-26,11.15721893,11.15721893,11.15721893,11.15721893,0,True
2010-04-27,11.15721893,11.21886128,11.09557658,11.15721893,2879043,False
2010-04-28,11.09557629,11.21886098,11.03393478,11.15721864,4540976,False
2010-04-29,11.03393459,11.09557609,10.97229225,11.09557609,2477652,False
2010-05-02,11.03393459,11.03393459,11.03393459,11.03393459,0,True
2010-05-03,11.09557629,11.09557629,11.03393478,11.09557629,1426628,False
2010-05-04,11.09557629,11.09557629,11.03393478,11.09557629,1348713,False
2010-05-05,11.03393459,11.09557609,10.97229225,11.09557609,3031363,False
2010-05-06,11.03393459,11.03393459,10.9106499,10.97229225,1836121,False
2010-05-09,11.03393459,11.03393459,11.03393459,11.03393459,0,True
2010-05-10,10.72572422,10.72572422,10.47915568,10.47915568,2687325,False
2010-05-11,10.84900761,10.84900761,10.7257246,10.7257246,2117881,False
2010-05-12,10.72572422,10.84900722,10.66408187,10.84900722,1785027,False
2010-05-13,10.72572422,10.72572422,10.66408187,10.66408187,1380403,False
2010-05-16,10.54079914,10.60244065,10.47915679,10.60244065,2158495,False
2010-05-17,10.60244083,10.60244083,10.47915697,10.54079933,1539622,False
2010-05-18,10.60244083,10.60244083,10.47915697,10.60244083,1566442,False
2010-05-19,10.9722929,11.03393525,10.54079898,10.54079898,5978980,False
2010-05-20,10.91065121,10.97229356,10.66408348,10.84900885,6673011,False
2010-05-23,11.95856667,11.95856667,10.72572552,10.84900853,38118767,False
2010-05-24,11.77364063,12.69827165,11.71199828,11.89692364,41893820,False
2010-05-25,11.5887146,12.20513562,11.40378838,11.83528233,17700582,False
2010-05-26,11.5887146,11.5887146,11.5887146,11.5887146,0,True
2010-05-27,10.84900761,11.1572185,10.60243991,11.03393465,18002148,False
2010-05-30,10.84900761,10.84900761,10.84900761,10.84900761,0,True
2010-05-31,10.84900761,10.84900761,10.84900761,10.84900761,0,True
2010-06-01,10.9722929,11.03393525,10.8490082,10.91065055,5097356,False
2010-06-02,10.72572422,10.91064957,10.66408187,10.91064957,3047230,False
2010-06-03,10.84900761,10.84900761,10.66408225,10.66408225,2639646,False
2010-06-06,10.84900761,10.91064996,10.60243991,10.66408225,4227897,False
2010-06-07,10.78736687,10.91065073,10.72572536,10.84900837,2331804,False
2010-06-08,10.78736687,10.91065073,10.66408301,10.72572536,4087261,False
2010-06-09,10.72572422,10.78736572,10.66408187,10.78736572,2168154,False
2010-06-10,10.84900761,10.91064996,10.7873661,10.7873661,4715289,False
2010-06-13,11.21886158,11.40378779,10.97229302,10.97229302,15867288,False
2010-06-14,11.03393459,11.15721844,10.97229225,11.15721844,5331399,False
2010-06-15,11.03393459,11.09557609,10.97229225,11.03393459,2755378,False
2010-06-16,10.9722929,11.09557676,10.9722929,10.9722929,2540295,False
2010-06-17,10.9722929,11.15721911,10.9722929,11.09557676,6715424,False
2010-06-20,10.9722929,11.03393525,10.91065055,10.9722929,2032503,False
2010-06-21,10.9722929,10.9722929,10.8490082,10.9722929,3312243,False
2010-06-22,10.9722929,10.9722929,10.8490082,10.9722929,2991966,False
2010-06-23,10.9722929,10.9722929,10.8490082,10.91065055,3593425,False
2010-06-24,11.03393459,11.58871319,11.03393459,11.21886079,28377962,False
2010-06-27,11.03393459,11.03393459,11.03393459,11.03393459,0,True
2010-06-28,11.03393459,11.03393459,11.03393459,11.03393459,0,True
2010-06-29,11.03393459,11.03393459,11.03393459,11.03393459,0,True
2010-06-30,10.54079914,10.72572535,10.47915679,10.72572535,4886187,False
2010-07-01,10.41751385,10.4791562,10.3558715,10.4791562,3333901,False
2010-07-04,9.986020088,10.35587253,9.862735377,10.35587253,6147598,False
2010-07-05,9.986020088,10.10930395,9.924377733,10.0476616,1997253,False
2010-07-06,10.04765987,10.10930222,9.924376031,9.986018376,2168394,False
2010-07-07,10.04765987,10.10930222,9.986018376,10.04765987,2083845,False
2010-07-08,9.986020088,10.0476616,9.924377733,9.986020088,1638404,False
2010-07-11,9.986020088,10.10930395,9.986020088,10.0476616,2072767,False
2010-07-12,10.04765987,10.04765987,9.986018376,10.04765987,1737480,False
2010-07-13,9.986020088,9.986020088,9.924377733,9.986020088,1675592,False
2010-07-14,9.986020088,9.986020088,9.986020088,9.986020088,0,True
2010-07-15,9.986020088,10.0476616,9.924377733,9.924377733,2143078,False
2010-07-18,9.924377441,9.924377441,9.862735088,9.924377441,1568432,False
2010-07-19,9.862734795,9.986019498,9.862734795,9.862734795,1311967,False
2010-07-20,9.986020088,9.986020088,9.862735377,9.924377733,1390566,False
2010-07-21,9.924377441,9.986019795,9.862735088,9.986019795,2617696,False
2010-07-22,9.862734795,9.924377146,9.677809433,9.862734795,3396143,False
2010-07-25,9.862734795,9.924377146,9.739451785,9.862734795,2724895,False
2010-07-26,9.862734795,9.986019498,9.801092443,9.862734795,2986803,False
2010-07-27,10.23258781,10.60244022,9.862734559,9.924376909,19381483,False
2010-07-28,10.3558712,10.4791559,10.23258735,10.3558712,10421523,False
2010-07-29,10.23258781,10.35587167,10.17094546,10.35587167,4096115,False
2010-08-01,10.29422951,10.29422951,10.17094565,10.29422951,2240128,False
2010-08-02,10.23258781,10.29422932,10.17094546,10.23258781,2024115,False
2010-08-03,10.41751385,10.60244005,10.23258765,10.23258765,11657843,False
2010-08-04,10.3558712,10.54079824,10.23258735,10.54079824,5291967,False
2010-08-05,10.29422951,10.35587186,10.17094565,10.29422951,3547296,False
2010-08-08,10.3558712,10.41751355,10.29422885,10.3558712,5712993,False
2010-08-09,10.29422951,10.35587186,10.232588,10.35587186,4370292,False
2010-08-10,10.29422951,10.29422951,10.17094565,10.232588,1972343,False
2010-08-11,10.17094517,10.29422902,10.10930282,10.29422902,2030560,False
2010-08-12,9.986020088,10.10930395,9.924377733,10.10930395,2013086,False
2010-08-15,9.924377441,9.986019795,9.801092734,9.924377441,2442949,False
2010-08-16,9.924377441,9.986019795,9.862735088,9.924377441,807270,False
2010-08-17,9.924377441,9.986019795,9.862735088,9.924377441,624389,False
2010-08-18,9.924377441,9.986019795,9.862735088,9.924377441,735377,False
2010-08-19,9.924377441,9.986019795,9.862735088,9.924377441,868929,False
2010-08-22,10.23258781,10.66408257,10.10930311,10.10930311,23478120,False
2010-08-23,9.924377441,10.23258836,9.924377441,10.23258836,6252727,False
2010-08-24,9.986020088,10.0476616,9.924377733,9.924377733,3737752,False
2010-08-25,9.739451408,9.924376763,9.677809059,9.924376763,4017892,False
2010-08-26,9.616167068,9.739451772,9.554524717,9.739451772,2739488,False
2010-08-29,9.616167068,9.739451772,9.616167068,9.739451772,1633265,False
2010-08-30,9.616167068,9.67780942,9.554524717,9.616167068,988135,False
2010-08-31,9.677808762,9.677808762,9.554524067,9.616166414,1497780,False
2010-09-01,9.616167068,9.616167068,9.554524717,9.616167068,1342781,False
2010-09-02,9.677808762,9.677808762,9.554524067,9.616166414,1572773,False
2010-09-05,9.801092148,9.862734498,9.677809142,9.739451492,3096293,False
2010-09-06,9.801092148,9.862734498,9.739451492,9.862734498,1550638,False
2010-09-07,9.739451408,9.801092064,9.739451408,9.801092064,1834817,False
2010-09-09,9.739451408,9.739451408,9.739451408,9.739451408,0,True
2010-09-12,9.739451408,9.739451408,9.739451408,9.739451408,0,True
2010-09-14,9.739451408,9.739451408,9.739451408,9.739451408,0,True
2010-09-15,9.739451408,9.924376763,9.677809059,9.862734414,2429077,False
2010-09-16,9.739451408,9.739451408,9.677809059,9.739451408,1303175,False
2010-09-19,9.739451408,9.739451408,9.61616671,9.677809059,1847226,False
2010-09-20,9.677808762,9.739451109,9.616166414,9.677808762,1605201,False
2010-09-21,9.677808762,9.739451109,9.616166414,9.677808762,1529797,False
2010-09-22,9.739451408,9.739451408,9.61616671,9.677809059,1850360,False
2010-09-26,9.677808762,9.739451109,9.616166414,9.677808762,2323676,False
2010-09-27,9.677808762,9.739451109,9.616166414,9.677808762,1428852,False
2010-09-28,9.801092148,9.986019198,9.677809142,9.677809142,7906727,False
2010-09-29,9.801092148,9.801092148,9.801092148,9.801092148,0,True
2010-09-30,9.739451408,9.801092064,9.677809059,9.739451408,2212637,False
2010-10-03,9.924377441,10.29422987,9.862735088,9.862735088,14589389,False
2010-10-04,10.04765987,10.23258691,9.924376031,9.924376031,14675454,False
2010-10-05,9.986020088,10.17094631,9.924377733,10.0476616,4169519,False
2010-10-06,9.986020088,10.0476616,9.924377733,9.986020088,3318743,False
2010-10-07,10.10930347,10.17094583,9.862734911,10.10930347,5078060,False
2010-10-10,10.04765987,10.23258691,9.986018376,10.04765987,4948741,False
2010-10-11,9.924377441,10.0476613,9.739452074,9.986019795,5309614,False
2010-10-12,9.862734795,9.924377146,9.801092443,9.924377146,2382394,False
2010-10-13,9.862734795,9.862734795,9.801092443,9.862734795,1049874,False
2010-10-14,9.924377441,9.924377441,9.801092734,9.862735088,3033840,False
2010-10-17,9.924377441,10.0476613,9.862735088,9.862735088,4554707,False
2010-10-18,9.862734795,9.924377146,9.801092443,9.924377146,1553843,False
2010-10-19,9.862734795,9.924377146,9.801092443,9.862734795,1403915,False
2010-10-20,9.801092148,9.862734498,9.739451492,9.862734498,1572016,False
2010-10-21,9.616167068,9.739451772,9.616167068,9.739451772,1703976,False
2010-10-24,9.616167068,9.739451772,9.554524717,9.67780942,2341754,False
2010-10-25,9.616167068,9.67780942,9.554524717,9.616167068,1615109,False
2010-10-26,9.616167068,9.67780942,9.554524717,9.616167068,1869022,False
2010-10-27,9.616167068,9.67780942,9.554524717,9.616167068,2076529,False
2010-10-28,9.554524422,9.616166772,9.554524422,9.616166772,1303864,False
2010-10-31,9.739451408,9.801092064,9.55452436,9.61616671,4718025,False
2010-11-01,9.677808762,9.86273411,9.677808762,9.739451109,2548123,False
2010-11-02,9.862734795,9.924377146,9.739451785,9.739451785,7131337,False
2010-11-03,9.801092148,9.924376848,9.739451492,9.924376848,1690405,False
2010-11-04,9.801092148,9.801092148,9.801092148,9.801092148,0,True
2010-11-07,9.739451408,9.739451408,9.677809059,9.739451408,2900792,False
2010-11-08,9.677808762,9.739451109,9.616166414,9.739451109,2737200,False
2010-11-09,9.677808762,9.739451109,9.616166414,9.677808762,2082467,False
2010-11-10,9.739451408,9.739451408,9.61616671,9.677809059,2098905,False
2010-11-14,9.739451408,9.739451408,9.739451408,9.739451408,0,True
2010-11-18,9.739451408,9.739451408,9.739451408,9.739451408,0,True
2010-11-21,9.616167068,9.67780942,9.554524717,9.616167068,1275191,False
2010-11-22,9.616167068,9.67780942,9.616167068,9.616167068,1092291,False
2010-11-23,9.492882729,9.616166579,9.492882729,9.616166579,1668911,False
2010-11-24,9.492882729,9.55452423,9.43124038,9.492882729,1798761,False
2010-11-28,9.431241035,9.492883388,9.369598683,9.431241035,1445463,False
2010-11-29,9.431241035,9.431241035,9.369598683,9.369598683,1523066,False
2010-11-30,9.369597435,9.43123978,9.30795509,9.43123978,1160861,False
2010-12-01,9.369597435,9.43123978,9.30795509,9.369597435,1547532,False
2010-12-05,9.369597435,9.43123978,9.30795509,9.369597435,2192013,False
2010-12-06,9.246315002,9.30795651,9.246315002,9.30795651,2105268,False
2010-12-08,9.184672356,9.246314708,9.123030004,9.184672356,2169229,False
2010-12-09,9.184672356,9.184672356,9.184672356,9.184672356,0,True
2010-12-12,9.246315002,9.30795651,9.184672648,9.246315002,1627427,False
2010-12-13,9.184672356,9.246314708,9.184672356,9.246314708,1853208,False
2010-12-14,9.307956696,9.307956696,9.184672832,9.184672832,2202172,False
2010-12-15,9.369597435,9.616165967,9.246313593,9.246313593,6777045,False
2010-12-19,9.431241035,9.492883388,9.369598683,9.431241035,1728139,False
2010-12-20,9.369597435,9.43123978,9.30795509,9.43123978,1681897,False
2010-12-21,9.369597435,9.43123978,9.369597435,9.43123978,977396,False
2010-12-22,9.862734795,10.17094571,9.369598521,9.369598521,21373595,False
2010-12-23,9.862734795,9.862734795,9.862734795,9.862734795,0,True
2010-12-26,9.616167068,9.739451772,9.492883212,9.739451772,4141238,False
2010-12-27,9.739451408,9.862734414,9.492882858,9.55452436,9795191,False
2010-12-28,9.554524422,9.801092127,9.554524422,9.739451471,3805137,False
2010-12-29,9.554524422,9.616166772,9.492882919,9.554524422,6462940,False
2011-01-02,9.554524422,9.616166772,9.492882919,9.616166772,3011181,False
2011-01-03,9.616167068,9.67780942,9.492883212,9.554524717,2913946,False
2011-01-04,9.801092148,9.862734498,9.554524442,9.616166792,7910717,False
2011-01-05,9.739451408,10.04766061,9.677809059,9.801092064,14849968,False
2011-01-06,5.93200016,5.93200016,5.93200016,5.93200016,0,True
2011-01-09,9.862734795,10.047661,9.862734795,9.924377146,4899238,False
2011-01-10,9.801092148,9.924376848,9.801092148,9.862734498,2973869,False
2011-01-11,10.17094517,10.17094517,9.801091923,9.862734272,10958495,False
2011-01-12,10.04765987,10.17094456,9.924376031,10.10930222,9695919,False
2011-01-16,9.801092148,9.924376848,9.739451492,9.924376848,7927552,False
2011-01-17,9.801092148,9.862734498,9.739451492,9.801092148,1716095,False
2011-01-18,9.677808762,9.801091763,9.616166414,9.801091763,3192598,False
2011-01-19,9.677808762,9.677808762,9.554524067,9.677808762,2291849,False
2011-01-23,9.616167068,9.67780942,9.554524717,9.616167068,1801660,False
2011-01-24,9.677808762,9.86273411,9.616166414,9.616166414,5041713,False
2011-01-25,9.677808762,9.801091763,9.677808762,9.739451109,2680242,False
2011-01-26,9.739451408,9.801092064,9.55452436,9.677809059,8070053,False
2011-01-30,9.123029709,9.246314409,8.814818805,8.814818805,6453665,False
2011-01-31,9.184672356,9.677809479,9.061387651,9.616167127,19899920,False
2011-02-01,9.246315002,9.431241218,9.184672648,9.246315002,9020618,False
2011-02-02,9.369597435,9.492882124,9.30795509,9.43123978,7175647,False
2011-02-06,9.554524422,9.554524422,9.369598219,9.431240569,5354797,False
2011-02-07,9.801092148,10.0476607,9.431240589,9.554524442,27517389,False
2011-02-08,9.739451408,9.924376763,9.677809059,9.862734414,12973776,False
2011-02-09,9.739451408,9.801092064,9.677809059,9.739451408,5629997,False
2011-02-13,9.924377441,9.986019795,9.739452074,9.801092734,14124139,False
2011-02-14,9.986020088,10.10930395,9.924377733,9.986020088,12634626,False
2011-02-15,9.924377441,10.0476613,9.924377441,10.0476613,9285742,False
2011-02-16,9.986020088,10.10930395,9.73945236,9.862735377,18675478,False
2011-02-17,9.986020088,9.986020088,9.986020088,9.986020088,0,True
2011-02-20,9.307956696,9.492883761,9.246315187,9.307956696,9978843,False
2011-02-21,9.123029709,9.307955912,8.999745855,9.246314409,8366164,False
2011-02-22,8.753176689,8.999746096,8.629893679,8.999746096,11776847,False
2011-02-23,8.629894257,8.876461986,8.568251901,8.814819631,7843155,False
2011-02-24,8.629894257,8.629894257,8.629894257,8.629894257,0,True
2011-02-27,7.766902924,8.75317627,7.766902924,8.691535615,21765236,False
2011-02-28,7.705261707,7.890187914,7.520335501,7.581977852,16115606,False
2011-03-01,7.027198315,7.828545483,6.965555964,7.766903133,17606680,False
2011-03-02,6.780630589,7.027198735,6.472419665,6.903915297,18515762,False
2011-03-03,6.780630589,6.780630589,6.780630589,6.780630589,0,True
2011-03-06,7.150483131,7.520335547,7.150483131,7.458694042,10918858,False
2011-03-07,7.088840485,7.212124336,6.965555787,7.150482834,9170296,False
2011-03-08,7.273766994,7.520335554,6.965556084,7.027198435,18318472,False
2011-03-09,7.458693981,7.643620187,7.335409279,7.335409279,29536279,False
2011-03-13,8.814818382,8.876460729,8.44496684,8.50660834,36947900,False
2011-03-14,9.369597435,9.616165967,9.30795509,9.554523622,42248971,False
2011-03-15,8.44496727,8.938103532,8.44496727,8.938103532,29009705,False
2011-03-16,8.568250656,8.753176003,8.383324462,8.568250656,18176446,False
2011-03-20,8.753176689,8.999746096,8.629893679,8.938103744,15106812,False
2011-03-22,8.568250656,8.69153535,8.506608309,8.69153535,7452374,False
2011-03-23,8.568250656,8.568250656,8.383324462,8.568250656,3434423,False
2011-03-24,8.568250656,8.568250656,8.568250656,8.568250656,0,True
2011-03-27,8.629894257,8.629894257,8.506609545,8.629894257,6658575,False
2011-03-28,8.629894257,8.753177275,8.506609545,8.568251901,12271038,False
2011-03-29,8.568250656,8.69153535,8.506608309,8.629893003,6107063,False
2011-03-30,8.506608963,8.629893666,8.506608963,8.629893666,3439056,False
2011-04-03,8.753176689,8.814819041,8.629893679,8.629893679,26451225,False
2011-04-04,8.629894257,8.814819631,8.629894257,8.814819631,8253931,False
2011-04-05,8.568250656,8.629893003,8.444966809,8.629893003,6550440,False
2011-04-06,8.629894257,8.691536612,8.444968036,8.506609545,9123129,False
2011-04-10,8.629894257,8.629894257,8.629894257,8.629894257,0,True
2011-04-11,8.629894257,8.691536612,8.568251901,8.629894257,3070093,False
2011-04-12,8.568250656,8.69153535,8.568250656,8.629893003,3585890,False
2011-04-13,8.629894257,8.629894257,8.506609545,8.568251901,3301465,False
2011-04-14,8.629894257,8.629894257,8.629894257,8.629894257,0,True
2011-04-17,8.568250656,8.753176003,8.568250656,8.629893003,11606538,False
2011-04-18,8.568250656,8.629893003,8.506608309,8.568250656,2697446,False
2011-04-19,8.506608963,8.568251315,8.383325107,8.568251315,4178667,False
2011-04-20,8.506608963,8.506608963,8.383325107,8.444967458,2387557,False
2011-04-24,8.506608963,8.568251315,8.383325107,8.444967458,5130321,False
2011-04-25,8.568250656,8.568250656,8.506608309,8.568250656,3907877,False
2011-04-26,8.506608963,8.629893666,8.506608963,8.568251315,3208764,False
2011-04-27,8.568250656,8.629893003,8.506608309,8.568250656,2283920,False
2011-05-02,8.568250656,8.629893003,8.568250656,8.568250656,3698401,False
2011-05-03,8.691534996,8.753175647,8.568250307,8.629892652,13239729,False
2011-05-04,8.568250656,8.69153535,8.568250656,8.629893003,4576795,False
2011-05-05,8.568250656,8.568250656,8.568250656,8.568250656,0,True
2011-05-08,8.568250656,8.568250656,8.506608309,8.568250656,3036767,False
2011-05-09,8.568250656,8.629893003,8.506608309,8.568250656,6550041,False
2011-05-10,8.629894257,8.629894257,8.506609545,8.506609545,4621266,False
2011-05-11,8.753176689,8.753176689,8.629893679,8.629893679,15192224,False
2011-05-15,9.061388016,9.12303037,8.876461799,9.061388016,21332147,False
2011-05-16,8.999746323,9.123030182,8.876461616,9.061387829,14947467,False
2011-05-17,8.876461029,8.999745728,8.876461029,8.938103378,7357885,False
2011-05-18,8.814818382,8.938103077,8.814818382,8.938103077,5019427,False
2011-05-22,9.061388016,9.24631508,8.876461799,8.876461799,21893796,False
2011-05-23,8.938103676,8.999746027,8.814818973,8.938103676,9877032,False
2011-05-24,8.999746323,9.123030182,8.938103969,9.061387829,10313099,False
2011-05-25,8.938103676,8.938103676,8.753176622,8.814818973,7750558,False
2011-05-29,8.999746323,9.061387829,8.938103969,9.061387829,5215397,False
2011-05-30,8.999746323,9.061387829,8.876461616,8.999746323,9236341,False
2011-05-31,8.999746323,9.061387829,8.938103969,8.999746323,6700693,False
2011-06-01,8.938103676,8.999746027,8.876461325,8.938103676,3793570,False
2011-06-05,8.753176689,8.814819041,8.691536031,8.753176689,3437812,False
2011-06-06,8.753176689,8.814819041,8.691536031,8.814819041,2795093,False
2011-06-07,8.753176689,8.814819041,8.691536031,8.753176689,5078158,False
2011-06-08,8.568250656,8.69153535,8.568250656,8.69153535,4984855,False
2011-06-12,8.506608963,8.568251315,8.444967458,8.568251315,1968277,False
2011-06-13,8.629894257,8.629894257,8.506609545,8.568251901,2286549,False
2011-06-14,8.814818382,8.876460729,8.50660834,8.568250687,17738440,False
2011-06-15,8.629894257,8.938104342,8.629894257,8.876461986,8240966,False
2011-06-19,8.568250656,8.629893003,8.506608309,8.629893003,3196846,False
2011-06-20,8.44496727,8.506608773,8.38332492,8.506608773,3485935,False
2011-06-21,8.506608963,8.568251315,8.444967458,8.444967458,3710302,False
2011-06-22,8.44496727,8.506608773,8.38332492,8.506608773,2808912,False
2011-06-26,8.568250656,8.568250656,8.383324462,8.444966809,3911384,False
2011-06-27,8.506608963,8.568251315,8.444967458,8.506608963,3362062,False
2011-06-28,8.44496727,8.506608773,8.44496727,8.506608773,1938677,False
2011-06-29,8.506608963,8.506608963,8.383325107,8.444967458,2418816,False
2011-07-03,8.506608963,8.506608963,8.444967458,8.506608963,1262492,False
2011-07-04,8.44496727,8.506608773,8.38332492,8.44496727,1948536,False
2011-07-05,8.32168293,8.444967636,8.32168293,8.444967636,3151814,False
2011-07-06,8.383324623,8.383324623,8.321682275,8.321682275,1168905,False
2011-07-10,8.19839859,8.321682442,8.136756241,8.321682442,3219012,False
2011-07-11,8.136755943,8.260039791,8.136755943,8.19839829,1674476,False
2011-07-12,7.951830864,8.136757084,7.951830864,8.136757084,2993828,False
2011-07-13,8.136755943,8.136755943,7.951829749,8.013471249,2325687,False
2011-07-17,8.013471603,8.075113953,7.9518301,8.075113953,2529696,False
2011-07-18,7.89018774,8.013471593,7.828545391,8.013471593,3050796,False
2011-07-19,7.89018774,7.89018774,7.766903041,7.89018774,1744253,False
2011-07-20,7.89018774,7.95183009,7.89018774,7.95183009,2815723,False
2011-07-21,7.89018774,7.89018774,7.89018774,7.89018774,0,True
2011-07-24,7.951830864,7.951830864,7.890188508,7.890188508,705679,False
2011-07-25,7.951830864,7.951830864,7.890188508,7.890188508,1570856,False
2011-07-26,8.19839859,8.444967141,7.89018769,7.89018769,17146559,False
2011-07-27,8.07511425,8.26004046,8.013471898,8.198398954,5079576,False
2011-07-31,8.013471603,8.013471603,7.890187751,7.9518301,4031233,False
2011-08-01,8.136755943,8.260039791,8.013471249,8.075113596,6599165,False
2011-08-02,8.136755943,8.136755943,8.013471249,8.136755943,2002967,False
2011-08-03,8.013471603,8.075113953,7.9518301,8.075113953,2895230,False
2011-08-07,7.520335197,7.643619895,7.397051347,7.520335197,3167518,False
2011-08-08,7.520335197,7.581977546,7.397051347,7.520335197,2241808,False
2011-08-09,7.397051334,7.458693683,7.212124289,7.335408986,5044359,False
2011-08-10,7.397051334,7.643619882,7.397051334,7.520335185,3882487,False
2011-08-14,7.397051334,7.520335185,7.397051334,7.520335185,3472908,False
2011-08-15,7.458693981,7.643620187,7.39705163,7.458693981,7028163,False
2011-08-16,7.458693981,7.643620187,7.39705163,7.520335485,12096779,False
2011-08-17,7.458693981,7.520335485,7.458693981,7.520335485,1866030,False
2011-08-21,7.458693981,7.581977836,7.39705163,7.520335485,3790796,False
2011-08-22,7.458693981,7.520335485,7.39705163,7.458693981,2154179,False
2011-08-23,7.397051334,7.520335185,7.397051334,7.458693683,1273084,False
2011-08-24,7.520335197,7.520335197,7.458693696,7.458693696,1891790,False
2011-08-28,7.520335197,7.520335197,7.520335197,7.520335197,0,True
2011-09-01,7.520335197,7.520335197,7.520335197,7.520335197,0,True
2011-09-04,7.766902924,7.828545272,7.520335222,7.581977571,14263135,False
2011-09-05,7.581977844,7.705261699,7.581977844,7.643620195,5194562,False
2011-09-06,7.581977844,7.643620195,7.520335493,7.643620195,2586196,False
2011-09-07,7.643620491,7.643620491,7.581978138,7.581978138,1914214,False
2011-09-11,7.82854557,7.951830273,7.82854557,7.82854557,8521940,False
2011-09-12,7.705261707,7.828545563,7.643620203,7.766903212,4198675,False
2011-09-13,7.766902924,7.828545272,7.64361992,7.828545272,4195473,False
2011-09-14,7.705261707,7.766903212,7.705261707,7.766903212,1961761,False
2011-09-18,7.766902924,7.828545272,7.705261422,7.766902924,1905573,False
2011-09-19,7.643620491,7.705261998,7.643620491,7.705261998,2660501,False
2011-09-20,7.705261707,7.705261707,7.643620203,7.643620203,1692743,False
2011-09-21,7.705261707,7.705261707,7.643620203,7.705261707,1360361,False
2011-09-22,7.705261707,7.705261707,7.705261707,7.705261707,0,True
2011-09-25,7.581977844,7.643620195,7.520335493,7.581977844,1872073,False
2011-09-26,7.643620491,7.643620491,7.520335784,7.581978138,2132260,False
2011-09-27,7.643620491,7.643620491,7.581978138,7.643620491,1444726,False
2011-09-28,7.705261707,7.705261707,7.581977852,7.581977852,2058356,False
2011-09-29,7.705261707,7.705261707,7.705261707,7.705261707,0,True
2011-10-02,7.458693981,7.581977836,7.458693981,7.520335485,3218223,False
2011-10-03,7.458693981,7.458693981,7.39705163,7.458693981,2713808,False
2011-10-04,7.335409164,7.397051514,7.273766814,7.397051514,3872930,False
2011-10-05,7.335409164,7.397051514,7.273766814,7.335409164,1995777,False
2011-10-09,7.335409164,7.397051514,7.273766814,7.335409164,2572602,False
2011-10-10,7.458693981,7.520335485,7.335409279,7.335409279,8051656,False
2011-10-11,7.335409164,7.458693864,7.335409164,7.458693864,3346943,False
2011-10-12,7.335409164,7.397051514,7.212124464,7.397051514,4127837,False
2011-10-16,7.212124825,7.273767178,7.150483318,7.273767178,2547197,False
2011-10-17,7.273766994,7.273766994,7.212124643,7.212124643,1522584,False
2011-10-18,7.212124825,7.212124825,7.150483318,7.212124825,1631689,False
2011-10-19,7.088840485,7.150482834,7.027198136,7.150482834,3187859,False
2011-10-23,7.027198315,7.027198315,6.903914884,7.027198315,2859886,False
2011-10-24,6.965556145,7.027198497,6.903915063,7.027198497,3099731,False
2011-10-25,6.842272282,6.965555708,6.842272282,6.90391463,3219121,False
2011-10-26,6.903914928,6.903914928,6.842272578,6.842272578,1401010,False
2011-10-30,7.027198315,7.212124519,6.965555964,7.150483016,4846098,False
2011-10-31,6.965556145,7.027198497,6.965556145,7.027198497,1957708,False
2011-11-01,6.842272282,6.965555708,6.842272282,6.965555708,1803696,False
2011-11-02,6.903914928,6.965556009,6.842272578,6.842272578,2687558,False
2011-11-06,6.903914928,6.903914928,6.903914928,6.903914928,0,True
2011-11-10,6.903914928,6.903914928,6.903914928,6.903914928,0,True
2011-11-13,6.842272282,6.90391463,6.842272282,6.90391463,1741309,False
2011-11-14,6.903914928,6.903914928,6.842272578,6.903914928,3779283,False
2011-11-15,6.903914928,6.965556009,6.780630227,6.842272578,4224583,False
2011-11-16,6.780630589,6.903915297,6.780630589,6.903915297,2067387,False
2011-11-21,6.780630589,6.780630589,6.780630589,6.780630589,0,True
2011-11-22,6.718987942,6.780630293,6.657346437,6.718987942,2986068,False
2011-11-23,6.718987942,6.718987942,6.718987942,6.718987942,0,True
2011-11-24,6.718987942,6.718987942,6.718987942,6.718987942,0,True
2011-11-27,6.657346249,6.657346249,6.595703899,6.657346249,1244165,False
2011-11-28,6.718987942,6.718987942,6.595704086,6.595704086,2581109,False
2011-11-29,6.657346249,6.718987751,6.595703899,6.718987751,1180032,False
2011-11-30,6.595704079,6.65734643,6.595704079,6.65734643,1862971,False
2011-12-04,6.657346249,6.657346249,6.595703899,6.657346249,1646930,False
2011-12-05,6.595704079,6.595704079,6.534061727,6.595704079,1883420,False
2011-12-06,6.472419739,6.595704449,6.472419739,6.595704449,2219337,False
2011-12-07,6.472419739,6.534062094,6.472419739,6.472419739,2070336,False
2011-12-11,6.595704079,6.595704079,6.472419376,6.534061727,2104289,False
2011-12-12,6.657346249,6.780630101,6.472419199,6.534061549,10596529,False
2011-12-13,6.472419739,6.718988311,6.472419739,6.657346803,8213218,False
2011-12-14,6.595704079,6.65734643,6.534061727,6.595704079,3927966,False
2011-12-19,6.657346249,6.718987751,6.595703899,6.657346249,5245370,False
2011-12-20,6.657346249,6.718987751,6.595703899,6.657346249,2883765,False
2011-12-21,6.595704079,6.718987935,6.595704079,6.65734643,3991550,False
2011-12-22,6.595704079,6.595704079,6.595704079,6.595704079,0,True
2011-12-25,7.027198315,7.27376687,6.657346329,6.718987833,42532561,False
2011-12-26,6.965556145,7.150483201,6.903915063,7.088840849,8473102,False
2011-12-27,6.842272282,6.965555708,6.842272282,6.965555708,6032913,False
2011-12-28,6.842272282,6.90391463,6.780629933,6.842272282,3378086,False
2012-01-01,6.718987942,6.842272645,6.657346437,6.780630293,4475383,False
2012-01-02,6.780630589,6.842272943,6.657346727,6.718988234,7801736,False
2012-01-03,6.718987942,6.780630293,6.718987942,6.780630293,3253825,False
2012-01-04,6.718987942,6.780630293,6.718987942,6.780630293,1901378,False
2012-01-08,6.903914928,7.150483062,6.842272578,7.088840711,14123351,False
2012-01-09,6.903914928,6.965556009,6.780630227,6.965556009,5534351,False
2012-01-10,6.842272282,6.90391463,6.842272282,6.842272282,2817404,False
2012-01-11,7.088840485,7.212124336,6.842272359,6.842272359,25032859,False
2012-01-15,7.150483131,7.273766987,7.08884078,7.212124636,8520109,False
2012-01-16,7.027198315,7.150483016,6.965555964,7.150483016,9314051,False
2012-01-17,7.027198315,7.088840665,6.965555964,7.027198315,3204226,False
2012-01-18,7.027198315,7.088840665,6.965555964,7.027198315,2763339,False
2012-01-22,6.965556145,7.088840849,6.965556145,7.088840849,3653549,False
2012-01-23,7.335409164,7.581977718,6.965555911,7.027198261,54618834,False
2012-01-24,7.520335197,7.643619895,7.335408998,7.397051347,30987973,False
2012-01-25,7.581977844,7.643620195,7.397051638,7.520335493,12840854,False
2012-01-29,7.581977844,7.581977844,7.581977844,7.581977844,0,True
2012-01-30,9.307956696,9.492883761,8.999746613,8.999746613,41428969,False
2012-01-31,9.061388016,9.616167513,8.876461799,9.431241296,31627560,False
2012-02-01,8.999746323,9.123030182,8.69153625,9.061387829,24190315,False
2012-02-02,8.999746323,8.999746323,8.999746323,8.999746323,0,True
2012-02-05,9.307956696,9.431241406,8.999746613,9.184672832,25392825,False
2012-02-06,9.061388016,9.307956587,8.999746508,9.24631508,18214361,False
2012-02-07,8.814818382,9.061386924,8.814818382,9.061386924,12596567,False
2012-02-08,9.061388016,9.12303037,8.814819444,8.814819444,16319033,False
2012-02-12,9.061388016,9.24631508,8.938104153,9.12303037,15759040,False
2012-02-13,9.123029709,9.123029709,8.999745855,9.061387359,7372335,False
2012-02-14,9.123029709,9.431240613,8.999745855,9.123029709,42081426,False
2012-02-15,9.123029709,9.246314409,9.061387359,9.184672059,11852355,False
2012-02-20,9.184672356,9.307956213,8.999746146,9.184672356,16933975,False
2012-02-21,9.061388016,9.12303037,8.999746508,9.061388016,9323526,False
2012-02-22,9.061388016,9.061388016,9.061388016,9.061388016,0,True
2012-02-23,9.061388016,9.061388016,9.061388016,9.061388016,0,True
2012-02-26,9.431241035,9.492883388,8.938103906,8.999746259,57873764,False
2012-02-27,9.616167068,9.862734782,9.369598508,9.492883212,62485452,False
2012-02-28,9.801092148,10.0476607,9.246314386,9.677809142,63958302,False
2012-02-29,9.924377441,9.986019795,9.616167367,9.986019795,29621070,False
2012-03-04,10.23258781,10.54079872,10.04766076,10.29422932,51697646,False
2012-03-05,11.03393459,11.21886079,10.17094511,10.23258745,84587821,False
2012-03-06,11.65035534,11.89692303,11.15721826,11.2188606,68687434,False
2012-03-07,11.71199799,11.83528099,11.15721854,11.46542944,52866761,False
2012-03-11,11.95856667,12.14349288,11.7736413,11.95856667,29255270,False
2012-03-12,11.95856667,12.26677759,11.7736413,12.02020902,65701809,False
2012-03-13,12.08185101,12.26677721,11.9585663,12.08185101,46969636,False
2012-03-14,12.02020836,12.20513456,11.95856601,12.14349221,28050570,False
2012-03-18,13.68454456,13.68454456,12.32841883,12.51334503,147562752,False
2012-03-19,14.17768097,14.91738746,14.05439712,14.54753337,190993526,False
2012-03-20,12.82155704,13.93111348,12.75991469,13.68454576,108791166,False
2012-03-21,12.32841873,13.00648117,11.95856549,12.57498728,132270977,False
2012-03-25,13.68454456,14.3009655,13.62290306,14.11603931,138276669,False
2012-03-26,13.3146925,13.8078296,13.06812395,13.8078296,48481474,False
2012-03-27,12.6366291,13.25305006,12.6366291,13.19140771,48033538,False
2012-03-28,13.49961948,13.74618805,12.20513515,12.39006136,138492402,False
2012-04-01,13.00648117,13.56126061,12.94483882,13.19140737,88263040,False
2012-04-02,12.94484043,13.19140901,12.75991506,13.12976665,46478777,False
2012-04-03,12.82155704,13.12976627,12.75991469,13.00648241,38401413,False
2012-04-04,12.6366291,12.82155615,12.5749876,12.82155615,28776784,False
2012-04-08,12.45170307,12.82155633,11.95856596,12.20513452,104440778,False
2012-04-09,12.32841873,12.63662878,12.20513404,12.39006023,36419727,False
2012-04-10,12.02020836,12.45170312,11.95856601,12.32841926,23992285,False
2012-04-11,11.52707195,12.08185056,10.8490078,11.95856586,86888232,False
2012-04-15,10.3558712,11.09557598,10.29422885,11.09557598,29358888,False
2012-04-16,10.3558712,10.91064979,9.986018809,9.986018809,78320787,False
2012-04-17,11.34214497,11.34214497,10.6640825,10.78736636,56307515,False
2012-04-18,11.89692402,12.39006114,11.46543009,11.6503563,131448699,False
2012-04-22,11.89692402,12.26677729,11.83528167,12.26677729,33253433,False
2012-04-23,12.02020836,12.02020836,11.28050354,11.7119983,60558883,False
2012-04-24,12.02020836,12.51334547,11.89692366,12.14349221,79448403,False
2012-04-25,11.95856667,12.20513523,11.89692431,12.14349288,21588656,False
2012-04-29,11.83528137,12.08185077,11.77364072,12.02020842,15424788,False
2012-04-30,12.02020836,12.20513456,11.5887136,11.83528131,47822331,False
2012-05-01,11.89692402,12.26677729,11.83528167,12.02020872,53767592,False
2012-05-02,11.89692402,12.08185108,11.83528167,12.02020872,17710411,False
2012-05-06,11.83528137,12.08185077,11.71199836,11.83528137,32773567,False
2012-05-07,11.89692402,11.89692402,11.58871395,11.71199866,23363268,False
2012-05-08,11.83528137,11.95856607,11.71199836,11.89692372,24158809,False
2012-05-09,11.28050423,11.83528203,11.15721952,11.71199901,23077372,False
2012-05-10,11.28050423,11.28050423,11.28050423,11.28050423,0,True
2012-05-13,10.91065121,11.21886214,10.78736734,11.15721978,21936524,False
2012-05-14,10.47915649,10.84900806,10.35587179,10.72572505,26588072,False
2012-05-15,10.9722929,11.03393525,10.47915663,10.54079898,36116426,False
2012-05-16,11.21886158,11.34214544,10.6024406,10.66408295,54176091,False
2012-05-20,10.9722929,11.09557676,10.8490082,10.9722929,23004301,False
2012-05-21,11.21886158,11.5270725,11.09557687,11.09557687,55538509,False
2012-05-22,11.28050423,11.46543044,11.21886187,11.40378809,22066839,False
2012-05-23,11.03393459,11.21886079,10.97229225,11.09557609,14304034,False
2012-05-27,11.15721893,11.15721893,10.84900803,11.09557658,16746925,False
2012-05-28,12.26677799,12.26677799,12.26677799,12.26677799,13645655,False
2012-05-29,12.51334572,13.43797676,12.45170337,13.43797676,133576925,False
2012-05-30,11.71199799,12.57498748,11.34214474,12.39006043,100328443,False
2012-06-03,11.28050423,11.40378809,10.9722933,11.21886187,66106964,False
2012-06-04,11.21886158,11.28050393,11.03393537,11.15721923,28799714,False
2012-06-05,11.03393459,11.28050314,10.97229225,11.21886079,20159911,False
2012-06-06,10.72572422,11.21886045,10.54079803,11.1572181,21620492,False
2012-06-10,10.78736687,10.78736687,10.41751444,10.60244066,21095302,False
2012-06-11,10.78736687,11.03393543,10.72572536,10.84900837,23943803,False
2012-06-12,10.66408253,10.72572488,10.54079867,10.66408253,13906651,False
2012-06-13,10.84900761,11.03393465,10.60243991,10.7257246,28754909,False
2012-06-17,11.65035534,12.02020773,11.46542914,11.65035534,95585392,False
2012-06-18,11.71199799,11.95856569,11.58871329,11.89692334,32325692,False
2012-06-19,11.46543026,11.77364118,11.46543026,11.58871412,42329911,False
2012-06-20,11.21886158,11.65035635,11.15721923,11.65035635,33486174,False
2012-06-25,11.21886158,11.21886158,11.21886158,11.21886158,0,True
2012-06-26,11.21886158,11.21886158,11.21886158,11.21886158,0,True
2012-06-27,11.21886158,11.21886158,11.21886158,11.21886158,0,True
2012-06-28,11.21886158,11.21886158,11.21886158,11.21886158,0,True
2012-07-01,11.21886158,11.21886158,11.21886158,11.21886158,0,True
2012-07-02,9.739451408,9.801092064,9.61616671,9.677809059,20463415,False
2012-07-03,10.23258781,10.23258781,9.677809202,9.739451552,52455094,False
2012-07-04,9.616167068,10.23258805,9.492883212,10.17094569,45501684,False
2012-07-08,17.87620735,19.29397635,17.87620735,19.232334,17516287,False
2012-07-09,17.07485962,17.93784912,16.82829192,17.01321727,21315489,False
2012-07-10,19.24538422,20.63046903,18.73508937,20.33887124,10632010,False
2012-07-11,18.07899475,19.24538238,17.64160066,19.24538238,10821343,False
2012-07-15,18.15189552,18.95378639,18.07899481,18.66218863,9595317,False
2012-07-16,17.3500061,18.29769508,17.27710539,18.15189704,9302449,False
2012-07-17,18.22479439,18.88088728,16.98550932,17.05840835,36909525,False
2012-07-18,17.86029625,18.58928804,17.71449823,17.93319526,10871006,False
2012-07-22,17.71450043,17.93319748,17.49580168,17.71450043,6056630,False
2012-07-23,17.3500061,17.64160219,17.3500061,17.49580245,5315756,False
2012-07-24,17.86029625,18.2247913,17.20420347,17.35000318,19171627,False
2012-07-25,17.5687027,18.22479387,17.5687027,17.78739976,10978008,False
2012-07-29,16.91261101,17.13130808,16.69391224,16.76681296,17006803,False
2012-07-30,17.20420265,17.35000236,16.83970762,16.98550563,24060877,False
2012-07-31,17.27710533,17.4958024,17.13130729,17.27710533,16663775,False
2012-08-01,17.27710533,17.35000605,17.13130729,17.27710533,7253409,False
2012-08-05,17.42290115,17.64159988,17.27710313,17.42290115,12558687,False
2012-08-06,17.27710533,17.42290337,17.27710533,17.42290337,5915298,False
2012-08-07,17.71450043,18.0060965,17.2042056,17.35000534,30462002,False
2012-08-08,18.00609589,18.37059266,17.64160081,17.78739884,34624375,False
2012-08-12,17.93319702,18.2976938,17.860298,18.15189576,7830876,False
2012-08-13,17.78739929,18.07899536,17.71450027,17.78739929,9764492,False
2012-08-14,17.5687027,17.86029878,17.42290296,17.78739976,6675119,False
2012-08-15,17.5687027,17.64160172,17.42290296,17.5687027,6532621,False
2012-08-19,17.5687027,17.5687027,17.5687027,17.5687027,0,True
2012-08-23,17.5687027,17.5687027,17.5687027,17.5687027,0,True
2012-08-26,18.44349289,18.44349289,17.78740001,17.93319805,18191431,False
2012-08-27,18.29769325,18.58928931,18.15189522,18.37059227,13777113,False
2012-08-28,18.15189552,18.5163906,18.07899481,18.37059257,13901782,False
2012-08-29,18.29769325,18.37059227,18.0060955,18.15189522,6948334,False
2012-09-02,18.07899475,18.29769349,18.00609574,18.22479278,7105490,False
2012-09-03,18.22479439,18.51639217,18.07899634,18.2976951,14607783,False
2012-09-04,18.00609589,18.22479293,17.86029785,18.15189561,9030657,False
2012-09-06,18.00609589,18.00609589,18.00609589,18.00609589,0,True
2012-09-09,17.93319702,18.07899505,17.860298,18.00609604,8102581,False
2012-09-10,17.78739929,17.93319733,17.71450027,17.93319733,5932987,False
2012-09-11,17.86029625,17.93319526,17.71449823,17.78739724,3781374,False
2012-09-12,17.71450043,17.86029846,17.64160141,17.86029846,5058881,False
2012-09-16,17.71450043,17.86029846,17.64160141,17.71450043,4395841,False
2012-09-17,17.64160156,17.71450058,17.56870254,17.71450058,2533764,False
2012-09-18,17.64160156,17.71450058,17.49580183,17.56870254,2732390,False
2012-09-19,17.5687027,17.64160172,17.49580198,17.64160172,4058394,False
2012-09-24,16.98550797,17.49580108,16.76681092,17.49580108,7893216,False
2012-09-25,17.27710533,17.35000605,16.8397112,16.98550925,6394623,False
2012-09-26,16.6939106,17.05840738,16.62101158,17.05840738,7522767,False
2012-09-30,14.94433117,15.454626,14.72563411,15.30882627,18674298,False
2012-10-01,14.36113739,15.16303,14.36113739,14.87143222,11873345,False
2012-10-02,14.28823757,14.57983533,14.14243954,14.36113659,10830026,False
2012-10-03,14.14243984,14.28823788,13.99664181,14.21533886,4579550,False
2012-10-07,13.77794456,14.14243965,13.63214569,14.14243965,6551046,False
2012-10-08,13.26764965,13.70504459,13.12185077,13.70504459,13110631,False
2012-10-09,13.12185097,13.26764985,13.0489528,13.26764985,5784175,False
2012-10-10,12.97605324,13.04895225,12.83025436,13.04895225,4718787,False
2012-10-14,12.97605324,13.41344732,12.46575845,12.46575845,14691868,False
2012-10-15,13.26764965,13.26764965,12.97605359,13.0489526,4589862,False
2012-10-16,12.68445683,13.04895275,12.17416202,12.97605374,9977678,False
2012-10-17,12.68445683,12.75735584,12.46575893,12.53865795,4718215,False
2012-10-21,12.53865719,12.68445606,12.46575818,12.68445606,3004300,False
2012-10-22,12.61155701,12.61155701,12.46575897,12.53865799,1906370,False
2012-10-23,12.61155701,12.8302549,12.61155701,12.61155701,5135294,False
2012-10-24,12.68445683,12.68445683,12.46575893,12.53865795,2066787,False
2012-10-28,12.68445683,12.68445683,12.68445683,12.68445683,0,True
2012-11-01,12.68445683,12.68445683,12.68445683,12.68445683,0,True
2012-11-04,12.75735569,12.97605358,12.75735569,12.90315372,4519400,False
2012-11-05,12.83025455,12.97605343,12.75735554,12.75735554,2179340,False
2012-11-06,12.97605324,13.04895225,12.83025436,12.83025436,6113135,False
2012-11-07,12.90315437,13.04895326,12.83025535,12.97605424,3508777,False
2012-11-11,12.75735569,12.90315372,12.68445667,12.83025471,1853252,False
2012-11-12,12.61155701,12.75735589,12.61155701,12.68445687,1750191,False
2012-11-13,12.61155701,12.68445687,12.61155701,12.61155701,1281817,False
2012-11-14,12.53865719,12.75735507,12.46575818,12.68445606,2298302,False
2012-11-18,12.53865719,12.9031531,12.46575818,12.46575818,9983624,False
2012-11-19,12.10126305,12.53865799,11.95546501,12.53865799,5475891,False
2012-11-20,12.24706268,12.24706268,11.95546575,12.24706268,2448517,False
2012-11-21,12.10126305,12.17416206,11.95546501,12.17416206,2006612,False
2012-11-25,11.66386795,12.02836303,11.51806907,12.02836303,3472720,False
2012-11-26,11.29937267,11.51806973,10.78907869,11.51806973,7865269,False
2012-11-27,11.08067417,11.59096898,10.86197712,11.2264722,10733880,False
2012-11-28,11.08067417,11.2264722,10.93487614,11.00777516,4555692,False
2012-12-02,11.08067417,11.08067417,11.08067417,11.08067417,0,True
2012-12-03,11.51806927,11.66386815,11.4451711,11.59096913,3983218,False
2012-12-04,11.51806927,11.59096913,11.29937222,11.51806927,5441863,False
2012-12-05,11.4451704,11.66386744,11.4451704,11.51806857,5298852,False
2012-12-06,11.4451704,11.4451704,11.4451704,11.4451704,0,True
2012-12-09,11.4451704,11.4451704,11.4451704,11.4451704,0,True
2012-12-10,11.37227058,11.51806861,11.37227058,11.44517044,2128797,False
2012-12-11,11.4451704,11.51806857,11.37227054,11.4451704,1765369,False
2012-12-12,11.4451704,11.51806857,11.37227054,11.51806857,1885780,False
2012-12-13,11.4451704,11.4451704,11.4451704,11.4451704,0,True
2012-12-16,11.4451704,11.4451704,11.4451704,11.4451704,0,True
2012-12-17,11.66386795,11.73676781,11.59096893,11.73676781,2427584,False
2012-12-18,12.02836323,12.24706197,11.66386814,11.73676801,13493279,False
2012-12-19,11.80966568,11.95546455,11.80966568,11.95546455,4152835,False
2012-12-20,11.80966568,11.80966568,11.80966568,11.80966568,0,True
2012-12-23,11.80966568,11.80966568,11.80966568,11.80966568,0,True
2012-12-24,11.80966568,11.88256554,11.73676751,11.80966568,3396286,False
2012-12-25,11.59096909,11.80966614,11.51806922,11.80966614,3633323,False
2012-12-26,11.59096909,11.59096909,11.44517105,11.51806922,2723109,False
2012-12-27,11.59096909,11.59096909,11.59096909,11.59096909,0,True
2012-12-30,11.59096909,11.59096909,11.59096909,11.59096909,0,True
2012-12-31,11.51806927,11.73676801,11.4451711,11.66386815,3888097,False
2013-01-01,11.51806927,11.66386815,11.51806927,11.59096913,2121734,False
2013-01-02,11.73676872,11.73676872,11.59096983,11.59096983,2581371,False
2013-01-03,11.73676872,11.73676872,11.73676872,11.73676872,0,True
2013-01-06,11.73676872,11.73676872,11.73676872,11.73676872,0,True
2013-01-07,12.10126305,12.17416206,11.882566,11.95546501,4561738,False
2013-01-08,11.8825655,12.10126254,11.73676747,12.02836268,4922860,False
2013-01-09,12.02836323,12.02836323,11.80966618,11.88256604,3323666,False
2013-01-10,12.02836323,12.02836323,12.02836323,12.02836323,0,True
2013-01-13,12.02836323,12.02836323,12.02836323,12.02836323,0,True
2013-01-14,12.02836323,12.10126309,11.95546506,12.02836323,2241292,False
2013-01-15,11.95546532,12.02836349,11.8825663,12.02836349,2234934,False
2013-01-16,11.8825655,11.95546451,11.80966564,11.8825655,1786756,False
2013-01-17,11.8825655,11.8825655,11.8825655,11.8825655,0,True
2013-01-20,11.8825655,11.8825655,11.8825655,11.8825655,0,True
2013-01-21,11.66386795,11.73676781,11.59096893,11.73676781,2742588,False
2013-01-22,11.8825655,12.10126254,11.5909686,11.66386761,8037251,False
2013-01-23,11.80966568,12.02836272,11.80966568,11.88256554,3948354,False
2013-01-24,11.80966568,11.80966568,11.80966568,11.80966568,0,True
2013-01-27,11.80966568,11.80966568,11.80966568,11.80966568,0,True
2013-01-28,11.80966568,11.95546455,11.73676751,11.95546455,4342706,False
2013-01-29,11.8825655,11.8825655,11.73676747,11.80966564,2754389,False
2013-01-30,12.61155701,13.0489528,11.88256599,11.88256599,53061722,False
2013-01-31,12.61155701,12.61155701,12.61155701,12.61155701,0,True
2013-02-03,12.61155701,12.61155701,12.61155701,12.61155701,0,True
2013-02-04,12.24706268,12.53865877,11.95546575,12.02836393,17095610,False
2013-02-05,12.17416191,12.39285981,12.02836303,12.17416191,8045501,False
2013-02-06,12.02836323,12.31996014,11.95546506,12.31996014,5415748,False
2013-02-07,12.02836323,12.02836323,12.02836323,12.02836323,0,True
2013-02-10,12.02836323,12.02836323,12.02836323,12.02836323,0,True
2013-02-11,12.31995964,12.3928595,12.02836274,12.02836274,10328050,False
2013-02-12,12.17416191,12.31995994,12.1012629,12.31995994,5877602,False
2013-02-13,12.02836323,12.17416211,12.02836323,12.10126309,4092062,False
2013-02-14,12.02836323,12.02836323,12.02836323,12.02836323,0,True
2013-02-17,12.02836323,12.02836323,12.02836323,12.02836323,0,True
2013-02-18,12.10126305,12.10126305,12.02836318,12.10126305,2188631,False
2013-02-19,12.10126305,12.10126305,11.95546501,12.10126305,2681660,False
2013-02-20,12.39285946,12.68445636,12.0283627,12.10126256,21939743,False
2013-02-21,12.39285946,12.39285946,12.39285946,12.39285946,0,True
2013-02-24,12.39285946,12.39285946,12.39285946,12.39285946,0,True
2013-02-25,12.90315437,13.04895326,12.53865843,12.61155745,21039087,False
2013-02-26,12.61155701,12.8302549,12.39285996,12.68445687,19535597,False
2013-02-27,12.24706268,12.97605459,12.24706268,12.53865877,26353976,False
2013-02-28,12.24706268,12.24706268,12.24706268,12.24706268,0,True
2013-03-03,12.24706268,12.24706268,12.24706268,12.24706268,0,True
2013-03-04,11.80966568,11.95546455,11.73676751,11.88256554,3872023,False
2013-03-05,11.8825655,11.95546451,11.80966564,11.80966564,3369065,False
2013-03-06,11.95546532,12.02836349,11.8825663,11.8825663,3231084,False
2013-03-07,11.95546532,11.95546532,11.95546532,11.95546532,0,True
2013-03-10,11.95546532,11.95546532,11.95546532,11.95546532,0,True
2013-03-11,12.17416191,12.31995994,12.1012629,12.31995994,5711424,False
2013-03-12,11.8825655,12.17416155,11.8825655,12.17416155,7349847,False
2013-03-13,12.02836323,12.02836323,11.80966618,11.88256604,3745129,False
2013-03-14,12.02836323,12.02836323,12.02836323,12.02836323,0,True
2013-03-17,12.39285946,12.53865749,12.10126256,12.17416157,11183007,False
2013-03-18,12.24706268,12.46575975,12.17416281,12.31996086,6934375,False
2013-03-19,12.24706268,12.39286073,12.17416281,12.24706268,3684949,False
2013-03-20,12.31995964,12.31995964,12.1012626,12.31995964,4773958,False
2013-03-24,12.17416191,12.39285981,12.1012629,12.31995994,7597658,False
2013-03-25,12.31995964,12.31995964,12.17416161,12.24706147,4451016,False
2013-03-26,12.31995964,12.3928595,12.17416161,12.24706147,8065773,False
2013-03-27,12.17416191,12.39285981,12.17416191,12.24706177,6666801,False
2013-03-31,11.8825655,12.02836268,11.80966564,12.02836268,4179392,False
2013-04-01,11.8825655,11.95546451,11.8825655,11.8825655,2423319,False
2013-04-02,11.8825655,11.95546451,11.8825655,11.8825655,2016443,False
2013-04-03,11.95546532,12.02836349,11.8825663,11.95546532,2587673,False
2013-04-07,11.8825655,11.8825655,11.80966564,11.80966564,2640969,False
2013-04-08,11.80966568,11.88256554,11.73676751,11.80966568,2857689,False
2013-04-09,11.80966568,11.88256554,11.73676751,11.80966568,3071907,False
2013-04-10,11.8825655,11.8825655,11.73676747,11.80966564,2764874,False
2013-04-14,12.10126305,12.10126305,11.882566,11.95546501,7864425,False
2013-04-15,12.02836323,12.10126309,11.95546506,12.02836323,6505617,False
2013-04-16,12.10126305,12.17416206,11.882566,11.882566,9906712,False
2013-04-17,12.10126305,12.39285996,12.10126305,12.17416206,15447011,False
2013-04-21,12.61155701,12.68445687,12.31996009,12.31996009,13788625,False
2013-04-22,12.61155701,12.75735589,12.46575897,12.61155701,8622353,False
2013-04-23,12.83025455,12.90315357,12.61155666,12.61155666,14105561,False
2013-04-24,12.90315437,13.12185143,12.75735633,12.83025535,16948094,False
2013-04-28,13.63214588,13.7050449,13.34054897,13.41344798,13772296,False
2013-04-29,13.41344833,13.8508433,13.19475128,13.4863482,17464330,False
2013-04-30,12.75735569,13.41344768,12.61155681,13.41344768,27709233,False
2013-05-01,12.24706268,12.53865877,12.02836393,12.53865877,23759465,False
2013-05-02,12.24706268,12.24706268,12.24706268,12.24706268,0,True
2013-05-05,12.17416191,12.39285981,12.1012629,12.39285981,5647603,False
2013-05-06,12.17416191,12.17416191,12.02836303,12.17416191,3438806,False
2013-05-07,12.24706268,12.24706268,12.02836393,12.02836393,2648893,False
2013-05-08,12.17416191,12.24706177,12.1012629,12.24706177,3621974,False
2013-05-12,12.17416191,12.31995994,12.17416191,12.24706177,2423389,False
2013-05-13,12.17416191,12.17416191,12.02836303,12.17416191,3834686,False
2013-05-14,12.02836323,12.17416211,11.95546506,12.10126309,2929937,False
2013-05-15,11.95546532,11.95546532,11.73676826,11.95546532,6208321,False
2013-05-19,12.61155701,12.90315392,12.31996009,12.39285996,20520147,False
2013-05-20,12.53865719,12.9031531,12.53865719,12.6115562,16626558,False
2013-05-21,12.97605324,13.19475028,12.53865746,12.53865746,29751673,False
2013-05-22,12.97605324,13.19475028,12.75735535,13.04895225,21288448,False
2013-05-26,13.12185097,13.34054886,13.0489528,13.19475083,7836274,False
2013-05-27,12.97605324,13.19475028,12.90315338,13.12185042,11560457,False
2013-05-28,12.97605324,13.19475028,12.97605324,13.04895225,8933446,False
2013-05-29,12.90315437,13.12185143,12.83025535,13.04895326,9539689,False
2013-06-02,12.83025455,12.97605343,12.75735554,12.83025455,18619080,False
2013-06-03,14.06954193,14.06954193,13.85084318,13.92374305,21343613,False
2013-06-04,14.36113739,15.01723196,14.28823837,15.01723196,55759319,False
2013-06-05,14.14243984,14.28823788,13.92374279,14.14243984,16995543,False
2013-06-09,15.01723099,15.16302902,14.28823745,14.43403717,45930792,False
2013-06-10,14.87143135,15.23592812,14.79853234,15.01723108,28701876,False
2013-06-11,14.94433117,15.09012921,14.72563411,14.79853313,13889114,False
2013-06-12,14.94433117,15.09012921,14.79853313,14.87143215,11198829,False
2013-06-16,13.99664116,14.2153382,13.55924623,13.55924623,20791750,False
2013-06-17,14.57983589,14.57983589,14.14244009,14.21533911,22749953,False
2013-06-18,14.43403721,14.65273425,14.3611365,14.50693453,17726356,False
2013-06-19,14.43403721,14.57983524,14.21533847,14.50693453,13324042,False
2013-06-23,14.79853249,15.09012855,14.72563347,14.94433052,19515152,False
2013-06-24,14.57983589,14.79853295,14.50693518,14.72563393,12343665,False
2013-06-25,14.79853249,14.79853249,14.65273445,14.65273445,11624413,False
2013-06-26,14.6527338,14.87143084,14.57983479,14.79853183,10486559,False
2013-06-27,8.924530983,8.924530983,8.924530983,8.924530983,0,True
2013-06-30,14.43403721,14.57983524,14.21533847,14.28823748,12857251,False
2013-07-01,14.50693417,14.65273389,14.43403685,14.43403685,8691871,False
2013-07-02,14.50693417,14.57983487,14.43403685,14.50693417,3300235,False
2013-07-03,14.43403721,14.50693453,14.3611365,14.50693453,2762600,False
2013-07-04,14.43403721,14.43403721,14.43403721,14.43403721,0,True
2013-07-07,14.43403721,14.57983524,14.43403721,14.50693453,3844616,False
2013-07-08,14.36113739,14.50693543,14.28823837,14.50693543,3354497,False
2013-07-09,14.28823757,14.4340373,14.28823757,14.36113659,1496253,False
2013-07-10,14.28823757,14.36113659,14.21533856,14.28823757,1487570,False
2013-07-14,14.36113739,14.4340381,14.36113739,14.36113739,1989350,False
2013-07-15,14.43403721,14.43403721,14.28823748,14.3611365,1290907,False
2013-07-16,14.28823757,14.36113659,14.06954137,14.36113659,7336043,False
2013-07-17,14.28823757,14.28823757,14.14243954,14.28823757,3005684,False
2013-07-21,14.21533871,14.36113674,13.99664166,14.06954152,6750349,False
2013-07-22,14.28823757,14.36113659,14.14243954,14.21533856,6043446,False
2013-07-23,14.36113739,14.50693543,14.28823837,14.28823837,10057920,False
2013-07-24,14.36113739,14.50693543,14.28823837,14.4340381,3953591,False
2013-07-25,14.36113739,14.36113739,14.36113739,14.36113739,0,True
2013-07-28,14.6527338,14.79853183,14.36113606,14.43403676,17808155,False
2013-07-29,14.79853249,14.79853249,14.57983544,14.65273445,8897248,False
2013-07-30,14.87143135,15.38172615,14.79853234,15.23592812,37803566,False
2013-07-31,14.79853249,14.94433052,14.72563347,14.94433052,10876846,False
2013-08-01,14.72563362,15.09012871,14.72563362,14.79853264,18692609,False
2013-08-04,14.79853249,14.94433052,14.72563347,14.79853249,9764878,False
2013-08-05,14.79853249,15.01723123,14.72563347,14.8714315,11148248,False
2013-08-11,14.79853249,14.79853249,14.79853249,14.79853249,0,True
2013-08-13,15.01723099,15.01723099,14.79853225,14.87143126,11572391,False
2013-08-14,14.87143135,15.01723108,14.72563332,14.94433037,9545744,False
2013-08-15,14.79853249,14.94433052,14.72563347,14.79853249,6599453,False
2013-08-19,15.01723099,15.23592803,14.94433028,15.09012831,15619642,False
2013-08-20,14.94433117,15.23592894,14.87143215,14.94433117,16729601,False
2013-08-21,15.01723099,15.09012831,14.94433028,15.01723099,5698560,False
2013-08-22,14.94433117,15.01723188,14.87143215,15.01723188,5046021,False
2013-08-25,14.72563362,14.94433067,14.6527346,14.87143166,10698443,False
2013-08-26,14.50693417,14.7256329,14.36113614,14.65273389,8918892,False
2013-08-27,13.19475079,14.28823773,13.12185092,14.28823773,17287816,False
2013-08-28,13.26764965,13.63214558,12.68445668,12.83025471,18804673,False
2013-08-29,13.26764965,13.63214558,13.19475063,13.48634754,16955535,False
2013-09-01,13.63214588,13.7050449,13.41344798,13.55924686,12673038,False
2013-09-02,13.4863472,13.63214523,13.41344734,13.63214523,6494987,False
2013-09-03,13.26764965,13.55924656,13.12185077,13.48634754,7132852,False
2013-09-04,12.90315437,13.1947513,12.90315437,13.12185143,6022600,False
2013-09-05,13.04895306,13.12185123,12.83025515,12.90315417,9564944,False
2013-09-08,12.90315437,13.26765032,12.83025535,13.1947513,10781920,False
2013-09-09,12.97605324,12.97605324,12.75735535,12.90315338,5885172,False
2013-09-10,13.34054852,13.48634739,13.2676495,13.41344753,22734470,False
2013-09-11,13.26764965,13.41344768,13.19475063,13.34054867,5441719,False
2013-09-12,13.34054852,13.41344753,13.19475049,13.2676495,6507066,False
2013-09-15,13.85084248,13.85084248,13.4863474,13.55924642,16089413,False
2013-09-16,13.77794456,13.9237426,13.7050447,13.85084273,11143972,False
2013-09-17,13.77794456,13.9237426,13.7050447,13.77794456,14514208,False
2013-09-18,14.06954193,14.28823814,13.55924711,13.77794501,21943578,False
2013-09-19,13.85084248,14.28823741,13.85084248,14.14243938,21334329,False
2013-09-24,13.99664116,14.2153382,13.85084228,13.85084228,12390783,False
2013-09-25,13.99664116,13.99664116,13.99664116,13.99664116,0,True
2013-09-26,13.99664116,14.06954102,13.85084228,13.99664116,7351958,False
2013-09-29,13.85084248,13.99664135,13.85084248,13.92374234,4064669,False
2013-09-30,13.85084248,13.92374234,13.77794431,13.85084248,3625865,False
2013-10-01,13.77794456,13.9237426,13.7050447,13.85084273,4518576,False
2013-10-02,13.70504475,13.85084278,13.63214573,13.77794461,4065591,False
2013-10-03,13.70504475,13.70504475,13.63214573,13.70504475,1528604,False
2013-10-06,13.41344833,13.70504526,13.2676503,13.63214624,5231902,False
2013-10-07,13.41344833,13.4863482,13.34054931,13.41344833,3701536,False
2013-10-08,13.41344833,13.41344833,13.2676503,13.41344833,1963730,False
2013-10-09,13.34054852,13.41344753,13.2676495,13.34054852,2133709,False
2013-10-10,13.41344833,13.4863482,13.34054931,13.41344833,3292805,False
2013-10-13,13.41344833,13.41344833,13.41344833,13.41344833,0,True
2013-10-20,13.99664116,13.99664116,13.63214524,13.63214524,12229854,False
2013-10-21,14.28823757,14.4340373,13.85084263,13.92374249,20800933,False
2013-10-22,14.06954193,14.43403787,13.92374305,14.28823814,11965265,False
2013-10-23,14.21533871,14.21533871,13.92374264,13.99664166,8214404,False
2013-10-24,13.99664116,14.2153382,13.92374215,14.14243919,8222717,False
2013-10-27,14.14243984,14.21533886,13.99664181,13.99664181,8591862,False
2013-10-28,13.55924702,13.77794492,13.34054912,13.70504505,15789242,False
2013-10-29,13.4863472,13.55924621,13.34054832,13.4863472,7668607,False
2013-10-30,13.41344833,13.63214624,13.34054931,13.55924722,8116534,False
2013-10-31,13.34054852,13.48634739,13.2676495,13.41344753,5459272,False
2013-11-03,13.41344833,13.4863482,13.34054931,13.41344833,4046600,False
2013-11-04,13.41344833,13.4863482,13.34054931,13.41344833,2749758,False
2013-11-05,13.4863472,13.55924621,13.41344734,13.41344734,4344002,False
2013-11-06,13.34054852,13.48634739,13.34054852,13.48634739,4161985,False
2013-11-07,13.41344833,13.4863482,13.34054931,13.41344833,2163355,False
2013-11-10,13.4863472,13.63214523,13.41344734,13.41344734,7078802,False
2013-11-11,13.4863472,13.55924621,13.41344734,13.4863472,5184917,False
2013-11-12,13.4863472,13.63214523,13.4863472,13.55924621,6570045,False
2013-11-13,13.4863472,13.55924621,13.41344734,13.4863472,2351891,False
2013-11-14,13.41344833,13.4863482,13.41344833,13.4863482,1556806,False
2013-11-17,13.4863472,13.55924621,13.41344734,13.41344734,4347434,False
2013-11-18,13.55924702,13.63214604,13.41344813,13.486348,8956244,False
2013-11-19,13.4863472,13.55924621,13.41344734,13.55924621,4492680,False
2013-11-20,13.4863472,13.55924621,13.41344734,13.4863472,2294075,False
2013-11-21,13.4863472,13.55924621,13.41344734,13.4863472,4638643,False
2013-11-24,13.63214588,13.63214588,13.48634785,13.48634785,5398319,False
2013-11-25,13.4863472,13.70504424,13.4863472,13.63214523,10687713,False
2013-11-26,13.41344833,13.55924722,13.41344833,13.4863482,5179659,False
2013-11-27,13.4863472,13.4863472,13.41344734,13.4863472,1270196,False
2013-11-28,13.41344833,13.4863482,13.41344833,13.4863482,4660126,False
2013-12-01,13.34054852,13.48634739,13.34054852,13.41344753,1949998,False
2013-12-02,13.41344833,13.41344833,13.34054931,13.41344833,1441743,False
2013-12-03,13.26764965,13.41344768,13.26764965,13.41344768,3565483,False
2013-12-04,13.34054852,13.34054852,13.19475049,13.2676495,2311860,False
2013-12-05,13.19475079,13.34054882,13.19475079,13.2676498,1372164,False
2013-12-08,13.34054852,13.34054852,13.2676495,13.2676495,2121685,False
2013-12-09,13.34054852,13.34054852,13.2676495,13.34054852,1520797,False
2013-12-10,13.34054852,13.41344753,13.2676495,13.34054852,2644578,False
2013-12-11,13.34054852,13.41344753,13.34054852,13.34054852,2244927,False
2013-12-12,13.26764965,13.34054867,13.26764965,13.34054867,1031122,False
2013-12-15,13.41344833,13.41344833,13.2676503,13.34054931,4253744,False
2013-12-16,13.4863472,13.4863472,13.26764931,13.34054832,4617891,False
2013-12-17,13.41344833,13.55924722,13.34054931,13.4863482,6269181,False
2013-12-18,13.4863472,13.55924621,13.34054832,13.41344734,6023171,False
2013-12-19,13.4863472,13.55924621,13.41344734,13.4863472,4337627,False
2013-12-22,13.4863472,13.4863472,13.41344734,13.41344734,2841423,False
2013-12-23,13.41344833,13.4863482,13.34054931,13.41344833,3096754,False
2013-12-24,13.34054852,13.48634739,13.34054852,13.41344753,3912803,False
2013-12-25,13.34054852,13.41344753,13.34054852,13.34054852,1298708,False
2013-12-26,13.34054852,13.41344753,13.34054852,13.34054852,1480087,False
2013-12-29,13.41344833,13.4863482,13.34054931,13.34054931,4322723,False
2013-12-30,13.63214588,13.7050449,13.34054897,13.41344798,15739206,False
2013-12-31,13.55924702,13.77794492,13.486348,13.63214604,10352547,False
2014-01-01,13.77794456,13.85084273,13.48634765,13.55924667,9162395,False
2014-01-02,13.70504475,13.85084278,13.63214573,13.77794461,8032762,False
2014-01-05,13.77794456,13.77794456,13.63214569,13.7050447,5475886,False
2014-01-06,13.70504475,13.77794461,13.55924671,13.70504475,5368122,False
2014-01-07,13.77794456,13.85084273,13.55924667,13.63214569,8055218,False
2014-01-08,13.77794456,13.85084273,13.63214569,13.77794456,7878810,False
2014-01-09,13.70504475,13.85084278,13.63214573,13.77794461,10463410,False
2014-01-12,13.85084248,13.92374234,13.70504445,13.70504445,10851108,False
2014-01-13,13.70504475,13.92374264,13.70504475,13.92374264,4704233,False
2014-01-14,13.70504475,13.70504475,13.70504475,13.70504475,0,True
2014-01-15,13.85084248,13.99664135,13.70504445,13.77794431,21044981,False
2014-01-16,13.77794456,13.9237426,13.7050447,13.85084273,7201992,False
2014-01-19,13.70504475,13.85084278,13.70504475,13.70504475,4536813,False
2014-01-20,13.70504475,13.77794461,13.63214573,13.77794461,2671388,False
2014-01-21,13.34054852,13.41344753,13.19475049,13.34054852,11272689,False
2014-01-22,13.26764965,13.34054867,13.19475063,13.34054867,4640521,False
2014-01-23,13.19475079,13.2676498,13.12185092,13.19475079,5805462,False
2014-01-26,13.04895306,13.19475109,12.97605404,13.04895306,5157662,False
2014-01-27,13.12185097,13.19475083,13.0489528,13.12185097,2085997,False
2014-01-28,13.12185097,13.19475083,13.0489528,13.12185097,1732180,False
2014-01-29,13.19475079,13.2676498,13.12185092,13.12185092,3318410,False
2014-01-30,13.12185097,13.19475083,13.0489528,13.12185097,2992962,False
2014-02-02,13.19475079,13.19475079,13.04895275,13.12185092,2035398,False
2014-02-03,13.12185097,13.34054886,13.12185097,13.12185097,7940698,False
2014-02-04,13.19475079,13.2676498,13.04895275,13.12185092,5412253,False
2014-02-05,13.34054852,13.55924641,13.2676495,13.2676495,20523167,False
2014-02-06,13.34054852,13.41344753,13.2676495,13.34054852,4439113,False
2014-02-09,13.34054852,13.48634739,13.2676495,13.41344753,5737890,False
2014-02-10,13.34054852,13.34054852,13.2676495,13.34054852,1996016,False
2014-02-11,13.26764965,13.34054867,13.19475063,13.26764965,2273190,False
2014-02-12,13.34054852,13.34054852,13.2676495,13.2676495,1945680,False
2014-02-13,13.26764965,13.34054867,13.19475063,13.26764965,5194324,False
2014-02-16,13.26764965,13.34054867,13.19475063,13.26764965,2821682,False
2014-02-17,13.26764965,13.34054867,13.19475063,13.26764965,3418991,False
2014-02-18,13.19475079,13.2676498,13.19475079,13.2676498,2910873,False
2014-02-19,13.26764965,13.41344768,13.19475063,13.19475063,13156316,False
2014-02-20,13.41344833,13.41344833,13.2676503,13.34054931,12179852,False
2014-02-23,13.55924702,13.70504505,13.486348,13.55924702,16847682,False
2014-02-24,13.77794456,13.77794456,13.48634765,13.55924667,8431016,False
2014-02-25,13.99664116,13.99664116,13.63214524,13.77794412,20765934,False
2014-02-26,13.92374229,14.14243934,13.92374229,13.99664131,18903453,False
2014-02-27,13.85084248,13.99664135,13.77794431,13.92374234,10424236,False
2014-03-02,13.92374229,14.14243934,13.7050444,13.85084243,24159999,False
2014-03-03,13.63214588,13.9237428,13.48634785,13.9237428,14097204,False
2014-03-04,13.92374229,13.99664131,13.7050444,13.7050444,22633162,False
2014-03-05,13.77794456,14.06954148,13.7050447,13.99664161,21106207,False
2014-03-06,13.85084248,13.92374234,13.70504445,13.85084248,12582225,False
2014-03-09,15.01723099,15.23592803,13.77794434,13.77794434,76657417,False
2014-03-10,14.94433117,15.454626,14.87143215,14.87143215,29232591,False
2014-03-11,14.87143135,15.23592812,14.79853234,14.94433037,12622151,False
2014-03-12,14.6527338,14.79853183,14.57983479,14.79853183,10034647,False
2014-03-13,14.6527338,14.6527338,14.6527338,14.6527338,0,True
2014-03-16,14.79853249,15.01723123,14.57983544,14.65273445,16922048,False
2014-03-17,14.87143135,14.94433037,14.79853234,14.87143135,6759457,False
2014-03-18,14.87143135,15.30882544,14.87143135,14.94433037,32839708,False
2014-03-19,14.87143135,14.94433037,14.72563332,14.94433037,9189635,False
2014-03-20,14.87143135,15.01723108,14.79853234,14.87143135,17940448,False
2014-03-23,15.23592758,15.3088249,14.87143082,15.01723054,22585560,False
2014-03-24,15.0901289,15.30882595,15.01723157,15.30882595,9847020,False
2014-03-25,15.0901289,15.16302961,15.01723157,15.16302961,5238518,False
2014-03-26,15.23592758,15.3088249,15.09012786,15.16302857,7778672,False
2014-03-27,15.01723099,15.23592803,14.94433028,15.23592803,7326605,False
2014-03-30,15.0901289,15.16302961,14.94433086,15.0901289,5079693,False
2014-03-31,15.0901289,15.16302961,14.87143184,15.0901289,11300323,False
2014-04-01,15.01723099,15.09012831,14.94433028,15.01723099,3156768,False
2014-04-02,15.01723099,15.16302902,14.94433028,15.01723099,6328128,False
2014-04-03,14.94433117,15.01723188,14.87143215,15.01723188,3957078,False
2014-04-06,14.6527338,14.94432985,14.57983479,14.87143084,9252220,False
2014-04-07,14.87143135,14.87143135,14.43403726,14.57983529,11739825,False
2014-04-08,14.79853249,14.8714315,14.72563347,14.79853249,6258690,False
2014-04-09,14.57983589,14.87143197,14.36113714,14.79853295,14786658,False
2014-04-10,14.50693417,14.57983487,14.36113614,14.57983487,6711595,False
2014-04-13,14.36113739,14.4340381,14.28823837,14.36113739,3825783,False
2014-04-14,14.36113739,14.4340381,14.28823837,14.36113739,2577928,False
2014-04-15,14.43403721,14.50693453,14.3611365,14.43403721,4224840,False
2014-04-16,14.72563362,14.94433067,14.6527346,14.79853264,20564814,False
2014-04-17,14.57983589,14.72563393,14.57983589,14.72563393,5211247,False
2014-04-20,14.87143135,14.87143135,14.6527343,14.6527343,10890233,False
2014-04-21,14.72563362,14.94433067,14.72563362,14.87143166,7463425,False
2014-04-22,15.0901289,15.23592863,14.79853283,14.79853283,19420316,False
2014-04-23,14.6527338,15.45462464,14.50693408,15.16302859,63581438,False
2014-04-24,14.72563362,14.79853264,14.57983559,14.6527346,14630528,False
2014-04-27,14.72563362,14.87143166,14.6527346,14.72563362,12889011,False
2014-04-28,14.6527338,14.79853183,14.6527338,14.72563282,9128051,False
2014-04-29,14.6527338,14.79853183,14.57983479,14.6527338,7687847,False
2014-04-30,14.57983589,14.72563393,14.57983589,14.65273491,6097765,False
2014-05-01,14.57983589,14.65273491,14.50693518,14.57983589,4186615,False
2014-05-04,14.79853249,14.8714315,14.57983544,14.57983544,19006230,False
2014-05-05,14.72563362,14.79853264,14.6527346,14.79853264,4991295,False
2014-05-06,14.72563362,14.79853264,14.57983559,14.72563362,9028202,False
2014-05-07,14.6527338,14.72563282,14.6527338,14.6527338,3491505,False
2014-05-08,14.6527338,14.79853183,14.6527338,14.6527338,9117564,False
2014-05-11,14.6527338,14.79853183,14.6527338,14.72563282,11098140,False
2014-05-12,14.72563362,14.72563362,14.6527346,14.6527346,3778224,False
2014-05-13,14.94433117,14.94433117,14.72563411,14.72563411,30440735,False
2014-05-14,14.87143135,14.94433037,14.79853234,14.94433037,10205198,False
2014-05-15,14.94433117,14.94433117,14.79853313,14.79853313,8962245,False
2014-05-18,15.45462608,15.60042412,15.01723196,15.09012929,41778412,False
2014-05-19,15.30882645,15.60042422,15.09012939,15.45462618,72206338,False
2014-05-20,15.52752304,15.67332106,15.30882432,15.38172502,59822893,False
2014-05-21,15.74622059,15.89201861,15.45462454,15.52752355,51069284,False
2014-05-22,15.45462608,15.74622216,15.38172706,15.74622216,19276880,False
2014-05-25,15.38172626,15.45462528,15.16302922,15.23592823,11825055,False
2014-05-26,15.89201927,15.89201927,15.38172616,15.45462518,22209488,False
2014-05-27,15.96492004,16.18361709,15.81912201,15.89201933,25371594,False
2014-05-28,15.45462608,15.8920202,15.38172706,15.8920202,23870098,False
2014-05-29,15.30882645,15.60042422,15.23592912,15.45462618,12925952,False
2014-06-01,15.23592758,15.45462462,15.23592758,15.3088249,6761907,False
2014-06-02,15.23592758,15.38172561,15.23592758,15.3088249,5313634,False
2014-06-03,15.0901289,15.23592863,15.01723157,15.23592863,5937145,False
2014-06-04,15.01723099,15.16302902,14.94433028,15.09012831,4707286,False
2014-06-05,14.87143135,15.0901284,14.79853234,15.01723108,6584744,False
2014-06-08,14.94433117,15.09012921,14.65273509,15.01723188,8523191,False
2014-06-09,14.94433117,15.01723188,14.79853313,14.87143215,4114431,False
2014-06-10,14.79853249,14.94433052,14.79853249,14.8714315,4939430,False
2014-06-11,14.87143135,14.87143135,14.72563332,14.79853234,3793679,False
2014-06-12,14.87143135,14.87143135,14.72563332,14.79853234,3102474,False
2014-06-15,14.6527338,14.79853183,14.57983479,14.79853183,4729722,False
2014-06-16,14.28823757,14.65273434,14.21533856,14.65273434,7823768,False
2014-06-17,14.28823757,14.36113659,14.06954137,14.21533856,9901390,False
2014-06-18,14.36113739,14.50693543,14.21533935,14.28823837,6784226,False
2014-06-19,14.36113739,14.50693543,14.28823837,14.4340381,2626399,False
2014-06-22,14.21533871,14.43403745,14.21533871,14.36113674,2983553,False
2014-06-23,13.99664116,14.2153382,13.99664116,14.2153382,3387190,False
2014-06-24,13.70504475,13.99664166,13.4863477,13.99664166,8216942,False
2014-06-25,14.57983589,14.72563393,13.85084317,13.85084317,19272218,False
2014-06-26,14.57983589,14.79853295,14.36113714,14.57983589,14455964,False
2014-06-29,14.50693417,14.50693417,14.36113614,14.50693417,2741679,False
2014-06-30,14.43403721,14.57983524,14.3611365,14.43403721,4973928,False
2014-07-01,14.43403721,14.50693453,14.43403721,14.43403721,3267218,False
2014-07-02,14.57983589,14.72563393,14.43403785,14.50693518,8187400,False
2014-07-03,14.79853249,14.8714315,14.50693473,14.57983544,10036018,False
2014-07-06,14.6527338,14.87143084,14.6527338,14.79853183,4808459,False
2014-07-07,14.57983589,14.72563393,14.50693518,14.72563393,6814737,False
2014-07-08,14.57983589,14.65273491,14.50693518,14.57983589,2770263,False
2014-07-09,14.57983589,14.65273491,14.50693518,14.57983589,3215662,False
2014-07-10,14.50693417,14.57983487,14.50693417,14.57983487,1518335,False
2014-07-13,14.57983589,14.65273491,14.50693518,14.50693518,4945746,False
2014-07-14,14.94433117,15.01723188,14.57983607,14.57983607,22353791,False
2014-07-15,15.01723099,15.09012831,14.87143126,14.94433028,9373999,False
2014-07-16,15.38172626,15.38172626,14.94433047,14.94433047,17516617,False
2014-07-17,14.57983589,14.72563393,14.43403785,14.65273491,26190326,False
2014-07-20,14.50693417,14.65273389,14.36113614,14.57983487,9438479,False
2014-07-21,14.50693417,14.57983487,14.43403685,14.50693417,4650659,False
2014-07-22,14.57983589,14.72563393,14.50693518,14.57983589,11826122,False
2014-07-23,14.50693417,14.65273389,14.50693417,14.65273389,3788002,False
2014-07-24,14.72563362,14.94433067,14.50693488,14.57983559,14946947,False
2014-08-03,14.79853249,14.94433052,14.72563347,14.8714315,8626646,False
2014-08-04,14.87143135,14.94433037,14.72563332,14.79853234,8861107,False
2014-08-05,14.79853249,15.01723123,14.79853249,14.8714315,17916667,False
2014-08-06,14.87143135,14.94433037,14.79853234,14.79853234,5457426,False
2014-08-07,14.87143135,14.94433037,14.79853234,14.87143135,2915072,False
2014-08-10,15.16302872,15.23592773,14.87143097,14.94432998,15293801,False
2014-08-11,15.01723099,15.23592803,14.94433028,15.23592803,12533204,False
2014-08-12,14.94433117,15.09012921,14.87143215,15.01723188,11350609,False
2014-08-13,14.94433117,15.01723188,14.87143215,14.94433117,3956900,False
2014-08-14,15.01723099,15.01723099,14.87143126,14.87143126,4723954,False
2014-08-17,15.01723099,15.16302902,14.94433028,14.94433028,8573028,False
2014-08-18,15.23592758,15.38172561,15.01723054,15.09012786,17930718,False
2014-08-19,15.67332363,15.74622265,15.2359295,15.2359295,19167831,False
2014-08-20,15.52752304,15.81912078,15.45462403,15.67332106,9575988,False
2014-08-21,15.38172626,15.5275243,15.23592823,15.45462528,10549356,False
2014-08-24,15.38172626,15.5275243,15.23592823,15.38172626,10838362,False
2014-08-25,15.81912136,16.0378184,15.23592756,15.38172559,40923035,False
2014-08-26,15.67332363,15.96492141,15.60042461,15.8920207,22738658,False
2014-08-27,16.11071777,16.18361679,15.74622101,15.74622101,51235316,False
2014-08-28,16.32941628,16.4023153,15.89202046,16.18361823,39579085,False
2014-08-31,16.25651741,16.5481135,16.25651741,16.40231545,25434819,False
2014-09-01,16.18361664,16.32941467,16.03781861,16.32941467,20041642,False
2014-09-02,16.18361664,16.32941467,16.03781861,16.25651565,14966246,False
2014-09-03,16.62101173,16.62101173,16.11071861,16.18361762,31210836,False
2014-09-04,16.4752121,16.69390913,16.32941407,16.54811111,22127210,False
2014-09-07,16.4752121,16.62101012,16.40231309,16.54811111,10752810,False
2014-09-08,16.40231323,16.47521224,16.32941422,16.40231323,10546037,False
2014-09-09,16.4752121,16.62101012,16.25651506,16.32941407,17885250,False
2014-09-10,16.4752121,16.54811111,16.25651506,16.4752121,22761565,False
2014-09-11,16.62101173,16.9126095,16.40231468,16.4752137,43650112,False
2014-09-14,16.62101173,17.05840754,16.54811272,16.62101173,30495999,False
2014-09-15,16.40231323,16.69390928,16.1836162,16.62101027,18125400,False
2014-09-16,16.32941628,16.47521432,16.25651725,16.32941628,10719420,False
2014-09-17,16.40231323,16.62101027,16.40231323,16.40231323,13847273,False
2014-09-18,16.32941628,16.47521432,16.25651725,16.4023153,5629579,False
2014-09-21,16.03781891,16.40231398,15.89201918,16.40231398,13833703,False
2014-09-22,15.74622059,15.96491932,15.67332158,15.89201861,11137366,False
2014-09-24,15.38172626,15.74622135,15.16302922,15.67332233,14559584,False
2014-09-25,15.45462608,15.60042412,15.38172706,15.5275251,11584759,False
2014-09-28,15.30882645,15.45462618,15.1630301,15.45462618,8072035,False
2014-09-29,15.45462608,15.60042412,15.23592902,15.30882635,7498246,False
2014-09-30,15.52752304,15.60042205,15.45462403,15.45462403,6609357,False
2014-10-01,15.45462608,15.67332314,15.30882635,15.60042412,7809641,False
2014-10-02,15.38172626,15.5275243,15.23592823,15.30882556,12349654,False
2014-10-12,14.50693417,14.94432994,14.50693417,14.94432994,14375507,False
2014-10-13,14.79853249,14.8714315,14.50693473,14.65273445,10451991,False
2014-10-14,14.72563362,14.72563362,14.50693488,14.72563362,7689531,False
2014-10-15,14.50693417,14.79853191,14.43403685,14.65273389,6528172,False
2014-10-16,13.41344833,14.50693532,13.19475128,14.36113728,18141865,False
2014-10-19,13.92374229,14.06954117,13.77794426,13.99664131,11927255,False
2014-10-20,13.92374229,14.06954117,13.7050444,13.99664131,8970199,False
2014-10-21,14.36113739,14.4340381,13.92374327,13.99664229,11023191,False
2014-10-22,14.43403721,14.57983524,14.28823748,14.50693453,8801077,False
2014-10-23,14.28823757,14.36113659,14.14243954,14.28823757,7212409,False
2014-10-26,14.72563362,14.79853264,14.28823783,14.28823783,9913630,False
2014-10-27,14.87143135,15.0901284,14.50693458,14.79853234,16761631,False
2014-10-28,14.6527338,14.72563282,14.36113606,14.50693408,18671813,False
2014-10-29,14.43403721,14.8714313,14.43403721,14.72563327,9855361,False
2014-10-30,14.28823757,14.4340373,14.21533856,14.36113659,6993910,False
2014-11-02,14.43403721,14.72563327,14.3611365,14.57983524,6327866,False
2014-11-03,14.36113739,14.4340381,14.28823837,14.4340381,3727034,False
2014-11-04,13.92374229,14.36113638,13.85084243,14.28823737,6800084,False
2014-11-05,13.85084248,13.92374234,13.55924642,13.85084248,6345775,False
2014-11-06,13.77794456,13.99664161,13.7050447,13.9237426,3966416,False
2014-11-09,13.92374229,13.99664131,13.77794426,13.92374229,5072616,False
2014-11-10,13.92374229,14.06954117,13.85084243,13.92374229,2276495,False
2014-11-11,13.77794456,13.9237426,13.63214569,13.85084273,3119174,False
2014-11-12,13.70504475,13.85084278,13.63214573,13.77794461,2717308,False
2014-11-13,13.63214588,13.85084293,13.63214588,13.7050449,4452943,False
2014-11-16,13.4863472,13.7779441,13.4863472,13.63214523,3600684,False
2014-11-17,13.19475079,13.4863477,13.12185092,13.4863477,5081254,False
2014-11-18,13.34054852,13.41344753,13.19475049,13.2676495,3645182,False
2014-11-19,13.26764965,13.41344768,13.19475063,13.34054867,3322935,False
2014-11-20,13.19475079,13.41344784,13.19475079,13.2676498,3635689,False
2014-11-23,13.41344833,13.4863482,13.34054931,13.41344833,2149401,False
2014-11-24,13.34054852,13.41344753,13.2676495,13.34054852,2476244,False
2014-11-25,13.19475079,13.2676498,13.12185092,13.2676498,2407685,False
2014-11-26,12.97605324,13.19475028,12.83025436,13.12185042,4722725,False
2014-11-27,13.04895306,13.04895306,12.83025515,12.97605404,2819017,False
2014-11-30,11.73676872,11.73676872,11.73676872,11.73676872,1306021,False
2014-12-01,10.78907871,11.08067479,10.5703808,10.5703808,38221798,False
2014-12-02,10.78907871,10.78907871,10.78907871,10.78907871,0,True
2014-12-03,9.841388702,10.35168353,9.695590665,10.20588464,26579194,False
2014-12-04,10.86197662,10.86197662,9.987185929,10.06008579,24114679,False
2014-12-07,11.37227058,11.73676734,10.71617777,11.37227058,34430703,False
2014-12-08,10.93487644,11.3722714,10.86197742,11.22647251,8552899,False
2014-12-09,10.57038021,10.86197712,10.35168316,10.57038021,14999513,False
2014-12-10,10.20588398,10.64327976,10.13298497,10.64327976,5976419,False
2014-12-11,10.2787838,10.35168366,9.987186872,10.06008674,5787786,False
2014-12-14,9.549791336,10.13298425,9.549791336,9.987185389,5715565,False
2014-12-15,9.403993607,9.987186595,9.258195571,9.84138856,5385802,False
2014-12-16,8.456305504,9.331095495,8.456305504,9.25819647,10220045,False
2014-12-17,8.675002098,8.747901119,7.946010197,8.602103077,13249469,False
2014-12-18,9.549791336,9.549791336,9.03949658,9.185294598,10787006,False
2014-12-21,9.914286613,10.27878251,9.476891703,10.2058835,21490683,False
2014-12-22,9.987186432,10.49748124,9.622690503,9.914287415,17600907,False
2014-12-23,9.987186432,10.20588433,9.841388399,9.987186432,9135839,False
2014-12-24,10.06008625,10.35168316,9.987186387,10.20588428,21148506,False
2014-12-25,9.914286613,10.13298449,9.841387603,10.06008548,8049495,False
2014-12-28,9.987186432,10.20588433,9.841388399,9.987186432,16556662,False
2014-12-29,10.06008625,10.49748119,9.987186387,10.06008625,41545021,False
2014-12-30,9.549791336,9.91428638,9.47689148,9.841387372,12033666,False
2014-12-31,9.403993607,9.768489542,8.966598654,9.695590524,11226048,False
2015-01-01,9.549791336,9.768488363,9.403992471,9.549791336,11067281,False
2015-01-04,9.768489838,10.13298578,9.403993891,9.476892911,56121181,False
2015-01-05,9.403993607,9.768489542,9.403993607,9.549792489,18984506,False
2015-01-06,9.331093788,9.4039928,8.966597884,9.112395907,14241697,False
2015-01-07,9.476892471,9.695590368,9.185295558,9.258195422,24114897,False
2015-01-08,9.549791336,9.768488363,9.47689148,9.622689498,11564202,False
2015-01-11,9.476892471,9.622690504,9.403993455,9.476892471,9836355,False
2015-01-12,9.403993607,9.62269066,9.403993607,9.476892624,7374570,False
2015-01-13,9.403993607,9.476892624,9.258195571,9.331094589,4272233,False
2015-01-14,9.476892471,9.549792335,9.403993455,9.476892471,5246033,False
2015-01-15,9.476892471,9.622690504,9.403993455,9.549792335,6449624,False
2015-01-18,9.622691154,9.622691154,9.476893112,9.476893112,6345448,False
2015-01-19,9.549791336,9.91428638,9.47689148,9.622689498,14357888,False
2015-01-20,9.549791336,9.622689498,9.47689148,9.622689498,3766034,False
2015-01-21,9.403993607,9.549792489,9.403993607,9.476892624,3323807,False
2015-01-22,9.476892471,9.695590368,9.403993455,9.403993455,12039143,False
2015-01-26,9.841388702,10.06008661,9.549792627,9.622690799,22250513,False
2015-01-27,10.20588398,10.35168285,9.914287077,9.987186091,17990593,False
2015-01-28,10.78907871,11.00777577,10.35168374,10.49748178,35790389,False
2015-01-29,10.42458153,10.78907831,10.42458153,10.71617844,18215932,False
2015-02-01,10.71617794,11.00777484,10.64327977,10.86197682,20329127,False
2015-02-02,10.71617794,10.93487583,10.4974809,10.64327977,21359911,False
2015-02-03,10.71617794,11.15357372,10.64327977,10.71617794,36310583,False
2015-02-04,10.64328003,10.86197708,10.64328003,10.78907806,9497472,False
2015-02-05,10.64328003,10.86197708,10.57038017,10.64328003,8416572,False
2015-02-08,10.64328003,10.86197708,10.57038017,10.7161782,7580548,False
2015-02-09,10.64328003,10.78907806,10.57038017,10.64328003,9618707,False
2015-02-10,10.35168362,10.64328054,10.27878375,10.64328054,7148168,False
2015-02-11,10.13298512,10.42458118,10.0600861,10.35168301,4840032,False
2015-02-12,10.2787838,10.2787838,10.06008674,10.13298576,3853687,False
2015-02-15,10.57038021,10.64328007,10.20588428,10.2787833,9981224,False
2015-02-16,10.35168362,10.71617871,10.35168362,10.64328054,9043715,False
2015-02-17,10.20588398,10.42458102,10.20588398,10.35168285,5009112,False
2015-02-18,10.20588398,10.27878299,10.13298497,10.27878299,2939667,False
2015-02-19,10.13298512,10.20588413,10.0600861,10.20588413,3000618,False
2015-02-22,9.914286613,10.27878251,9.914286613,10.2058835,8750140,False
2015-02-23,10.64328003,10.93487609,9.91428733,9.987186346,72835514,False
2015-02-24,10.64328003,10.64328003,10.64328003,10.64328003,0,True
2015-02-25,10.64328003,10.64328003,10.64328003,10.64328003,0,True
2015-02-26,10.64328003,10.64328003,10.64328003,10.64328003,0,True
2015-03-01,10.64328003,10.64328003,10.64328003,10.64328003,0,True
2015-03-02,10.64328003,10.64328003,10.64328003,10.64328003,0,True
2015-03-03,10.64328003,10.64328003,10.64328003,10.64328003,0,True
2015-03-04,10.64328003,10.64328003,10.64328003,10.64328003,0,True
2015-03-05,17.78739929,17.86029831,17.49580153,17.56870224,10342113,False
2015-03-08,17.71450043,17.93319748,17.64160141,17.93319748,4280576,False
2015-03-09,17.71450043,17.93319748,17.64160141,17.93319748,4280576,False
2015-03-10,17.5687027,17.9331978,17.5687027,17.64160172,5184182,False
2015-03-11,17.5687027,17.64160172,17.49580198,17.49580198,2439599,False
2015-03-12,17.64160156,17.7873996,17.56870254,17.64160156,3365975,False
2015-03-15,17.27710533,17.56870311,17.27710533,17.4958024,3078327,False
2015-03-16,17.05840683,17.56870163,16.98550781,17.27710388,5876553,False
2015-03-17,16.83970833,17.13130436,16.69390862,17.05840536,3517711,False
2015-03-18,16.32941628,16.83971112,15.96492117,16.83971112,3521454,False
2015-03-19,16.40231323,16.62101027,16.25651521,16.54811126,3118305,False
2015-03-22,16.76680946,16.98550649,16.40231272,16.47521173,5042981,False
2015-03-23,16.62101173,16.9126095,16.62101173,16.83971048,2770473,False
2015-03-24,16.54811287,16.69391091,16.54811287,16.62101189,1658097,False
2015-03-25,15.38172626,16.54811222,15.30882556,16.54811222,4933640,False
2015-03-26,15.30882645,15.38172716,14.28823847,14.28823847,6058529,False
2015-03-29,16.62101173,16.76681146,15.16302967,15.52752477,15163803,False
2015-03-30,16.18361664,16.98550748,16.18361664,16.54811171,8143868,False
2015-03-31,15.74622059,16.32941438,15.38172553,16.25651537,7238835,False
2015-04-01,15.60042381,15.89201989,15.52752479,15.74622185,3051672,False
2015-04-02,15.38172626,16.0378191,15.09012851,15.81912206,6189056,False
2015-04-05,15.01723099,15.45462508,14.72563323,15.38172606,3764003,False
2015-04-06,14.94433117,15.16302992,14.94433117,15.09012921,2438302,False
2015-04-07,15.38172626,15.60042331,15.09012851,15.09012851,4616569,False
2015-04-08,15.23592758,15.96491941,15.16302857,15.45462462,7436082,False
2015-04-09,15.60042381,16.03781962,15.1630297,15.1630297,7746767,False
2015-04-12,15.52752304,15.81912078,15.45462403,15.67332106,4002678,False
2015-04-13,15.67332363,15.81912337,15.52752559,15.52752559,3354002,False
2015-04-14,15.60042381,15.89201989,15.60042381,15.60042381,4899983,False
2015-04-15,16.18361664,16.25651565,15.67332185,15.74622086,15130496,False
2015-04-16,15.96492004,16.32941512,15.89201933,16.11071808,6390666,False
2015-04-19,16.62101173,16.76681146,16.25651664,16.25651664,11233516,False
2015-04-20,17.20420265,17.42289967,16.32941289,16.62100891,14648100,False
2015-04-21,16.98550797,17.20420501,16.83970993,17.05840698,6880310,False
2015-04-22,17.78739929,17.86029831,16.9855084,17.20420546,29792446,False
2015-04-23,17.71450043,18.22479356,17.64160141,17.71450043,19902192,False
2015-04-26,17.55412102,17.78739957,17.4958018,17.71450055,5938625,False
2015-04-27,17.36458206,17.56870099,17.27710325,17.49580028,5510606,False
2015-04-28,17.11672592,17.42290178,17.05840671,17.27710375,4571685,False
2015-04-29,17.36458206,17.56870099,17.05840621,17.20420423,7938094,False
2015-04-30,17.36458206,17.36458206,17.36458206,17.36458206,0,True
2015-05-03,17.14588547,17.42290172,17.05840665,17.42290172,4708379,False
2015-05-04,17.14588547,17.27710369,17.05840665,17.20420468,3229237,False
2015-05-05,17.11672592,17.27710375,17.05840671,17.20420474,2659575,False
2015-05-06,17.14588547,17.3500044,17.05840665,17.05840665,4454312,False
2015-05-07,16.95634842,17.20420507,16.83970999,17.20420507,3402287,False
2015-05-10,16.91261101,17.13130808,16.91261101,16.98551003,2640083,False
2015-05-11,16.60643196,16.98550855,16.54811275,16.91260953,1770410,False
2015-05-12,16.66475105,16.69391066,16.47521361,16.62101164,2326431,False
2015-05-13,16.4752121,16.69390913,16.40231309,16.69390913,2216973,False
2015-05-14,16.46063232,16.62101015,16.40231312,16.40231312,2377927,False
2015-05-17,16.70849228,16.76681149,16.47521373,16.54811274,3757713,False
2015-05-18,16.70849228,16.83971051,16.62101176,16.76681149,2947813,False
2015-05-19,16.76680946,16.83970847,16.69390876,16.76680946,1426426,False
2015-05-20,16.56269073,16.76680966,16.54811093,16.76680966,1253335,False
2015-05-21,16.54811287,16.62101189,16.47521385,16.54811287,1467381,False
2015-05-24,16.41689491,16.54811315,16.25651707,16.47521413,1806771,False
2015-05-25,17.00008774,17.05840695,16.47521313,16.47521313,9009805,False
2015-05-26,17.21878433,17.49580058,17.13130552,17.20420453,9797882,False
2015-05-27,17.4083252,17.64160206,16.98550918,17.20420624,7803762,False
2015-05-28,17.20420265,17.49579868,17.13130365,17.35000236,3273600,False
2015-05-31,16.95634842,17.49580114,16.83970999,17.20420507,6237201,False
2015-06-01,16.82512856,16.98550638,16.62100964,16.83970836,2144606,False
2015-06-02,16.81055069,16.91260931,16.69391057,16.8397103,1371786,False
2015-06-03,16.60643196,16.83971051,16.47521373,16.83971051,1722130,False
2015-06-04,16.70849228,16.76681149,16.40231471,16.62101176,2203299,False
2015-06-07,16.44605255,16.69390919,16.40231314,16.69390919,1426284,False
2015-06-08,16.37315559,16.47521422,16.32941618,16.4023152,636756,False
2015-06-09,16.41689491,16.47521413,16.18361805,16.32941609,1259692,False
2015-06-10,16.4752121,16.54811111,16.4752121,16.4752121,686282,False
2015-06-11,16.40231323,16.54811126,16.32941422,16.54811126,640156,False
2015-06-14,16.63559151,16.69391072,16.40231465,16.40231465,983820,False
2015-06-15,16.46063232,16.76680987,16.40231312,16.69390916,1369360,False
2015-06-16,16.41689491,16.54811315,16.40231511,16.47521413,682015,False
2015-06-17,16.40231323,16.47521224,16.32941422,16.47521224,739805,False
2015-06-18,16.91261101,17.05840906,16.40231614,16.40231614,2262741,False
2015-06-21,16.53353119,16.98550675,16.47521198,16.83970873,4909097,False
2015-06-22,16.40231323,16.54811126,16.25651521,16.54811126,2034376,False
2015-06-23,16.60643196,16.69391078,16.40231471,16.47521373,2140807,False
2015-06-24,16.75222969,16.91260922,16.54811244,16.69391048,1933082,False
2015-06-25,16.63559151,16.76681143,16.54811269,16.69391072,1591476,False
2015-06-28,16.76680946,17.42290055,16.54811074,16.76680946,7155687,False
2015-06-29,16.53353119,16.62101,16.32941396,16.62101,1782824,False
2015-06-30,16.62101173,16.69391075,16.32941566,16.4752137,2263783,False
2015-07-01,17.53954124,18.07899393,16.47521228,16.62101031,15338900,False
2015-07-02,17.02924919,17.78740073,16.98550978,17.42290392,6821055,False
2015-07-05,17.14588547,17.42290172,16.83970961,16.98550764,2897922,False
2015-07-06,16.94176865,17.42290215,16.83971002,16.91260904,4203089,False
2015-07-07,16.83970833,17.05840536,16.83970833,16.98550635,1637164,False
2015-07-08,16.82512856,16.91260737,16.69390865,16.83970836,1229215,False
2015-07-09,17.13130569,17.20420471,16.83970964,16.83970964,2038087,False
2015-07-12,16.72307014,17.13130634,16.62101152,17.05840732,3019298,False
2015-07-13,16.76680946,16.83970847,16.69390876,16.76680946,838155,False
2015-07-14,17.05840683,17.35000458,16.54811203,16.76681077,2938803,False
2015-07-15,17.27710533,18.51639208,17.20420631,17.35000605,16753004,False
2015-07-19,17.27710533,17.27710533,17.27710533,17.27710533,0,True
2015-07-20,17.27710533,17.27710533,17.27710533,17.27710533,0,True
2015-07-21,17.27710533,17.27710533,17.27710533,17.27710533,0,True
2015-07-22,17.39374352,17.64160188,17.27710508,17.42290312,3888939,False
2015-07-23,17.45206261,17.78739807,17.35000399,17.42290131,4119322,False
2015-07-26,17.64160156,17.86029862,17.42290281,17.56870254,5345788,False
2015-07-27,17.5103817,18.07899399,17.42290119,17.71449893,8916309,False
2015-07-28,17.65618134,17.71450055,17.42290278,17.56870251,3273586,False
2015-07-29,18.00609589,18.29769364,17.64160081,17.71449982,8802124,False
2015-07-30,17.83113861,18.73508812,17.7873992,18.00609625,15383394,False
2015-08-02,16.83970833,17.93319516,16.76680932,17.78739714,7038044,False
2015-08-03,16.94176865,17.13130609,16.6939103,16.91260904,3814728,False
2015-08-04,17.18962479,17.2771036,16.83970952,16.91260853,4702602,False
2015-08-05,17.20420265,17.35000236,17.05840464,17.27710166,2651221,False
2015-08-06,16.57727242,17.13130665,16.40231477,17.13130665,4195589,False
2015-08-09,16.65017319,16.6939109,16.25651679,16.40231483,2360028,False
2015-08-10,16.89802742,17.13130425,16.7668092,16.7668092,3746833,False
2015-08-11,16.66475105,17.05840744,16.62101164,16.98550843,2369372,False
2015-08-12,16.46063232,16.54811114,16.25651509,16.40231312,2369090,False
2015-08-13,16.46063232,16.69390916,16.40231312,16.62101015,1797402,False
2015-08-16,16.11071777,16.7668106,16.03781876,16.40231383,5101835,False
2015-08-17,15.81912136,16.25651544,15.74622065,16.0378184,2744158,False
2015-08-18,15.06096935,15.81912253,14.65273485,15.81912253,3382220,False
2015-08-19,14.59441471,15.30882504,14.43403688,15.01723068,3821062,False
2015-08-20,14.81311226,14.94433049,13.92374257,14.21533863,4613275,False
2015-08-23,13.45718765,14.36113627,13.4134474,13.92374219,6678318,False
2015-08-24,12.8594141,13.92374225,12.75735548,13.34054844,5682455,False
2015-08-25,13.80710411,13.92374254,12.97605364,13.12185082,11727188,False
2015-08-26,13.39886856,14.21533837,13.3405485,13.48634738,8912875,False
2015-08-27,13.76336384,14.21533858,13.70504463,13.99664154,6876311,False
2015-08-30,13.77794456,14.28823768,13.7050447,14.21533866,3560752,False
2015-08-31,13.54466724,13.70504508,13.41344816,13.63214607,1980920,False
2015-09-01,13.2968092,13.63214551,13.26764959,13.5592465,1991633,False
2015-09-02,13.04895306,13.26765011,12.90315417,13.12185123,4542912,False
2015-09-03,12.97605324,13.26764929,12.90315338,13.19475028,3319548,False
2015-09-06,12.9177351,13.04895334,12.83025543,12.90315445,1834727,False
2015-09-07,12.97605324,13.19475028,12.90315338,12.97605324,3015629,False
2015-09-08,13.20932961,13.26764966,12.9760536,13.04895262,2455602,False
2015-09-09,13.44260788,13.63214618,13.34054925,13.34054925,5451852,False
2015-09-10,13.42802811,13.70504436,13.26764943,13.34054844,6355805,False
2015-09-13,13.85084248,14.06954121,13.4863474,13.4863474,12316113,False
2015-09-14,13.70504475,14.14243969,13.63214573,13.92374264,5355785,False
2015-09-15,13.4863472,13.85084227,13.41344734,13.70504424,3973704,False
2015-09-16,13.4863472,13.7779441,13.41344734,13.63214523,3790323,False
2015-09-17,13.19475079,13.55924672,13.12185092,13.55924672,2496236,False
2015-09-20,13.12185097,13.26764985,12.97605378,13.12185097,1783613,False
2015-09-21,13.19475079,13.2676498,13.12185092,13.12185092,946094,False
2015-09-27,13.19475079,13.19475079,13.19475079,13.19475079,0,True
2015-09-28,13.19475079,13.19475079,13.19475079,13.19475079,0,True
2015-09-29,13.19475079,13.34054882,12.97605374,13.12185092,1724552,False
2015-09-30,13.19475079,13.34054882,13.19475079,13.2676498,1106997,False
2015-10-01,13.19475079,13.2676498,13.04895275,13.2676498,847291,False
2015-10-04,13.12185097,13.19475083,13.0489528,13.19475083,668208,False
2015-10-05,13.41344833,13.4863482,13.19475128,13.19475128,2333296,False
2015-10-06,13.4863472,13.55924621,13.34054832,13.41344734,1538414,False
2015-10-07,13.70504475,13.70504475,13.55924671,13.55924671,1418554,False
2015-10-08,13.77794456,13.85084273,13.63214569,13.7050447,1832350,False
2015-10-11,14.94433117,14.94433117,13.85084334,13.85084334,6832450,False
2015-10-12,14.50693417,15.01723065,14.43403685,14.94432994,4437007,False
2015-10-13,14.43403721,14.50693453,14.3611365,14.43403721,1477617,False
2015-10-14,14.72563362,15.38172647,14.36113684,14.36113684,9200570,False
2015-10-15,14.72563362,15.09012871,14.57983559,14.79853264,2609286,False
2015-10-18,15.16302872,15.16302872,14.79853195,14.79853195,3200168,False
2015-10-19,14.97349072,15.16302986,14.87143209,15.16302986,1836287,False
2015-10-20,15.01723099,15.38172606,14.94433028,15.01723099,3467401,False
2015-10-21,14.6527338,15.45462464,14.43403676,15.09012788,6727907,False
2015-10-22,14.06954193,14.79853296,13.63214613,14.57983591,5701675,False
2015-10-25,13.55924702,14.28823805,13.55924702,14.21533903,3507060,False
2015-10-26,13.53008652,13.55924697,13.26765005,13.48634795,3053941,False
2015-10-27,13.00521278,13.63214515,12.8302543,13.48634712,3886874,False
2015-10-28,13.10727215,13.1218511,12.83025503,13.1218511,2717843,False
2015-10-29,13.06353283,13.3405491,12.97605401,13.26765008,1992217,False
2015-11-01,12.96147251,13.1947502,12.83025429,13.04895217,1535465,False
2015-11-02,13.03437233,13.19475016,12.97605312,12.97605312,1569025,False
2015-11-03,12.90315437,13.41344836,12.90315437,13.12185143,3988872,False
2015-11-04,13.12185097,13.26764985,12.90315392,12.97605378,4648636,False
2015-11-05,13.03437233,13.1218503,12.97605312,13.1218503,1312825,False
2015-11-08,13.04895306,13.26765011,12.90315417,13.04895306,2801925,False
2015-11-09,13.45718765,13.55924627,13.12185049,13.12185049,7314615,False
2015-11-10,13.18016911,13.48634664,13.1218499,13.48634664,2697112,False
2015-11-11,13.39886856,13.55924639,13.26764949,13.26764949,4049637,False
2015-11-12,13.18016911,13.41344679,13.1218499,13.41344679,2234086,False
2015-11-15,12.84483433,12.9760534,12.75735551,12.90315354,2041617,False
2015-11-16,13.06353283,13.1218512,12.90315414,12.90315414,2540295,False
2015-11-17,12.99063206,13.19475014,12.9760531,13.12185028,990061,False
2015-11-18,13.03437233,13.04895213,12.97605312,13.04895213,568050,False
2015-11-19,13.09269142,13.19475089,13.04895286,13.12185103,1313916,False
2015-11-22,13.20932961,13.34054868,13.12185079,13.19475065,1656303,False
2015-11-23,13.10727215,13.26764999,13.04895293,13.1218511,1211538,False
2015-11-24,13.04895306,13.19475109,13.04895306,13.12185123,1264304,False
2015-11-25,12.97605324,13.12185042,12.97605324,13.04895225,598701,False
2015-11-26,12.97605324,13.12185042,12.97605324,12.97605324,1186910,False
2015-11-29,13.06353283,13.1218512,13.04895303,13.04895303,1095501,False
2015-11-30,13.04895306,13.12185123,12.97605404,13.12185123,1154289,False
2015-12-01,13.0781126,13.12185117,13.048953,13.12185117,546479,False
2015-12-02,13.12185097,13.26764985,12.97605378,13.0489528,2701761,False
2015-12-03,12.97605324,13.19475028,12.97605324,13.12185042,2850643,False
2015-12-06,12.97605324,13.04895225,12.90315338,12.97605324,1275255,False
2015-12-07,12.84483433,13.04895242,12.83025452,13.04895242,865729,False
2015-12-08,12.6698761,12.83025478,12.53865787,12.83025478,1530357,False
2015-12-09,12.69903469,12.75735475,12.61155588,12.68445574,1380236,False
2015-12-10,12.61155701,12.75735589,12.61155701,12.75735589,1068129,False
2015-12-13,12.30538177,12.53865864,12.10126367,12.53865864,2055647,False
2015-12-14,12.17416191,12.46575882,12.17416191,12.31995994,1378552,False
2015-12-15,12.30538177,12.3928606,12.17416269,12.24706256,815140,False
2015-12-16,12.37827873,12.4657584,12.24706136,12.31995952,974662,False
2015-12-17,12.61155701,12.68445687,12.39285996,12.46575897,2114717,False
2015-12-20,12.30538177,12.61155766,12.24706256,12.46575962,1951168,False
2015-12-21,12.31995964,12.46575852,12.24706147,12.31995964,464280,False
2015-12-22,12.52407837,12.61155719,12.39286014,12.39286014,1945786,False
2015-12-23,12.49491882,12.61155725,12.3928602,12.53865823,938671,False
2015-12-24,12.37827873,12.53865741,12.31995952,12.53865741,470795,False
2015-12-27,12.40744019,12.53865842,12.31996052,12.39286038,1486226,False
2015-12-28,12.31995964,12.46575852,12.24706147,12.3928595,1178824,False
2015-12-29,12.36369991,12.39285952,12.10126261,12.24706149,943833,False
2015-12-30,12.36369991,12.53865755,12.31995966,12.39285952,1585715,False
2015-12-31,12.2033205,12.39285878,12.1741609,12.31995892,1358459,False
2016-01-03,12.2033205,12.24706076,12.1741609,12.1741609,757945,False
2016-01-04,11.89714527,12.17416239,11.80966645,12.17416239,1259005,False
2016-01-05,11.82424641,12.0283628,11.73676759,11.88256562,786906,False
2016-01-06,11.51806927,11.80966618,11.29937222,11.80966618,1179569,False
2016-01-07,10.96403599,11.22647245,10.86197736,11.22647245,1369380,False
2016-01-10,10.96403599,10.96403599,10.96403599,10.96403599,0,True
2016-01-11,10.96403599,10.96403599,10.96403599,10.96403599,0,True
2016-01-12,10.71617794,10.86197682,10.71617794,10.7890778,902055,False
2016-01-13,10.73075867,10.78907788,10.64327985,10.78907788,753911,False
2016-01-14,9.987186432,10.64328012,9.695590366,10.64328012,1630592,False
2016-01-17,9.039497375,9.403993299,9.039497375,9.185295406,1558730,False
2016-01-18,9.170716286,9.331094116,8.893698339,8.9665982,1917999,False
2016-01-19,9.593531609,9.695591086,9.33109513,9.33109513,2169620,False
2016-01-20,9.433154106,10.27878449,9.258196447,9.403994496,6567580,False
2016-01-21,8.718741417,9.112396086,8.602102149,8.966598061,5306829,False
2016-01-24,8.762480736,9.185295894,8.747900932,9.185295894,3783142,False
2016-01-25,8.587522507,8.747900338,8.529203295,8.747900338,1496879,False
2016-01-26,8.412563324,8.529202584,8.237605704,8.456303576,2730890,False
2016-01-27,8.383404732,8.529203612,8.383404732,8.529203612,1591325,False
2016-01-28,8.529203415,8.675001445,8.4563044,8.529203415,2728880,False
2016-01-31,8.660422325,8.893698323,8.602102267,8.747900295,3051954,False
2016-02-01,8.660422325,8.747900295,8.529203253,8.675001281,1121478,False
2016-02-02,8.529203415,8.675001445,8.529203415,8.60210243,1089333,False
2016-02-03,8.616683006,8.675002224,8.456305158,8.52920418,1011634,False
2016-02-04,8.645842552,8.82080105,8.602103139,8.82080105,2565226,False
2016-02-07,8.558362961,8.60210237,8.529203355,8.60210237,953853,False
2016-02-08,8.602101326,8.747899338,8.52920232,8.602101326,1747196,False
2016-02-09,8.675002098,8.89369916,8.456305036,8.602103077,5786820,False
2016-02-10,8.660422325,8.820800156,8.602102267,8.675001281,1899735,False
2016-02-11,8.339666367,8.675001852,8.310505912,8.602102834,1440308,False
2016-02-14,8.091807365,8.529203136,8.018909199,8.456304123,1339557,False
2016-02-15,8.091807365,8.237606238,7.94600934,8.018909199,1914859,False
2016-02-16,8.077228546,8.310505391,8.018909335,8.237606377,1833939,False
2016-02-17,8.091807365,8.237606238,8.018909199,8.018909199,1641953,False
2016-02-18,8.223026276,8.310505089,8.164707066,8.237606078,1386724,False
2016-02-21,8.383404732,8.529203612,8.237606698,8.237606698,4824364,False
2016-02-22,8.529203415,8.60210243,8.383404538,8.529203415,2831446,False
2016-02-23,8.631261826,8.675001234,8.456304193,8.529203207,1359014,False
2016-02-24,8.514624596,8.602103424,8.456305377,8.602103424,1249956,False
2016-02-25,8.587522507,8.675001324,8.529203295,8.60210231,1464314,False
2016-02-28,8.777060509,8.893698939,8.675001882,8.675001882,1940778,False
2016-02-29,9.491473198,9.622690582,8.747900683,8.820800547,9633617,False
2016-03-01,9.418572426,9.695589511,9.403992624,9.476891634,5301015,False
2016-03-02,9.374834061,9.622690722,9.33109465,9.549792551,1868324,False
2016-03-03,9.38941288,9.476891693,9.331093672,9.331093672,1077786,False
2016-03-06,10.00176716,10.20588441,9.549792406,9.549792406,6357697,False
2016-03-07,10.07466507,10.20588414,9.841388221,10.06008611,2609650,False
2016-03-08,10.32252407,10.42458185,10.06008675,10.13298577,3842372,False
2016-03-09,10.16214466,10.27878308,9.987186179,10.27878308,1639271,False
2016-03-10,10.19130421,10.35168289,10.132985,10.20588401,1156184,False
2016-03-13,10.19130421,10.35168289,10.132985,10.20588401,1132413,False
2016-03-14,10.36626148,10.49748055,10.13298464,10.20588366,5824633,False
2016-03-15,10.2787838,10.86197765,10.20588478,10.4974817,4859844,False
2016-03-16,10.58495998,10.71617821,10.27878327,10.35168313,3244971,False
2016-03-17,11.59096909,11.59096909,10.71617834,10.78907821,6896887,False
2016-03-20,12.68445683,12.68445683,11.73676792,11.95546497,11603604,False
2016-03-21,13.00521278,13.85084219,12.39285938,12.8302543,17590502,False
2016-03-22,12.4803381,13.19475012,12.24706126,13.19475012,10467657,False
2016-03-23,12.97605324,13.55924619,12.31995957,12.53865746,12260200,False
2016-03-24,12.8594141,13.26764943,12.68445647,12.83025449,7855687,False
2016-03-27,12.8594141,12.8594141,12.8594141,12.8594141,0,True
2016-03-28,12.8594141,12.8594141,12.8594141,12.8594141,0,True
2016-03-29,13.12185097,13.19475083,12.75735588,12.97605378,6633950,False
2016-03-30,12.94689369,13.19475034,12.83025442,13.19475034,2604053,False
2016-03-31,12.72819614,12.90315378,12.53865786,12.83025477,1912726,False
2016-04-03,12.24706268,12.68445766,12.10126379,12.61155779,2136860,False
2016-04-04,13.26764965,13.41344768,12.24706174,12.24706174,4764403,False
2016-04-05,13.26764965,13.77794445,13.0489526,13.19475063,7321576,False
2016-04-06,13.34054852,13.99664134,13.19475049,13.41344753,12385766,False
2016-04-07,13.42802811,13.77794422,13.41344746,13.48634732,4955318,False
2016-04-10,13.42802811,13.63214535,13.34054844,13.55924633,3284770,False
2016-04-11,13.09269142,13.41344794,12.97605384,13.41344794,5327740,False
2016-04-12,13.12185097,13.34054886,13.0489528,13.0489528,2550952,False
2016-04-13,13.10727215,13.26764999,12.97605392,13.1218511,3938220,False
2016-04-14,13.04895306,13.19475109,12.97605404,13.12185123,2221141,False
2016-04-17,12.97605324,13.26764929,12.83025436,13.04895225,3211028,False
2016-04-18,13.12185097,13.34054886,12.8302549,12.97605378,5280688,False
2016-04-19,13.32596874,13.48634742,13.12185065,13.19475052,5074076,False
2016-04-20,13.25307083,13.41344868,13.19475161,13.34054966,1994654,False
2016-04-21,13.06353283,13.26765008,12.97605401,13.19475106,3721660,False
2016-04-24,13.10727215,13.26764999,12.90315405,13.1218511,6337538,False
2016-04-25,13.12185097,13.19475083,12.97605378,13.0489528,2803595,False
2016-04-26,13.13643169,13.48634782,13.04895287,13.12185104,8122339,False
2016-04-27,13.10727215,13.26764999,13.04895293,13.19475097,3198763,False
2016-04-28,13.10727215,13.26764999,13.04895293,13.1218511,5538756,False
2016-05-01,13.06353283,13.19475106,13.04895303,13.19475106,3288905,False
2016-05-02,13.0197916,13.12185022,12.97605304,13.12185022,1098945,False
2016-05-03,12.96147251,13.12185034,12.9031533,12.97605316,1870267,False
2016-05-04,13.15101051,13.48634768,13.04895274,13.04895274,9535730,False
2016-05-05,13.04895306,13.26765011,13.04895306,13.19475109,2457640,False
2016-05-08,13.06353283,13.3405491,12.97605401,13.04895303,4574864,False
2016-05-09,13.06353283,13.1218512,12.97605401,13.04895303,2695345,False
2016-05-10,12.97605324,13.04895225,12.97605324,13.04895225,1328576,False
2016-05-11,13.0197916,13.04895206,12.97605304,13.04895206,767152,False
2016-05-12,13.0197916,13.12185022,12.97605304,13.12185022,677416,False
2016-05-24,11.57638931,11.59096996,11.29937303,11.29937303,1139619,False
2016-05-25,11.72218609,11.8096649,11.66386688,11.66386688,1178235,False
2016-05-26,11.48890972,11.73676807,11.44517116,11.73676807,746266,False
2016-05-29,11.19731236,11.51806887,11.08067393,11.4451707,1203935,False
2016-05-30,10.8473978,11.22647271,10.78907859,11.15357453,997605,False
2016-05-31,10.99319553,11.00777534,10.8619773,10.93487632,913184,False
2016-06-01,10.96403599,11.0077754,10.86197736,11.0077754,384312,False
2016-06-02,10.99319553,11.00777534,10.8619773,10.93487632,675278,False
2016-06-05,12.02836323,12.02836323,11.00777529,11.00777529,3182074,False
2016-06-06,11.45975018,12.68445706,11.37227135,12.31996028,10011361,False
2016-06-07,11.50348949,11.59096831,11.44517028,11.59096831,1643784,False
2016-06-08,11.72218609,12.10126178,11.44516985,11.59096787,4683078,False
2016-06-09,11.59096909,11.73676797,11.51806922,11.73676797,1658738,False
2016-06-12,11.57638931,11.59096996,11.44517192,11.51807009,921208,False
2016-06-13,11.48890972,11.59096919,11.44517116,11.51806933,1367540,False
2016-06-15,11.64928818,11.88256588,11.59096896,11.80966601,1504793,False
2016-06-16,11.64928818,11.73676784,11.5180691,11.59096896,727937,False
2016-06-19,11.67844772,11.80966595,11.66386792,11.73676778,915476,False
2016-06-20,11.66386795,11.73676781,11.59096893,11.66386795,601564,False
2016-06-21,11.67844772,11.88256581,11.66386792,11.73676778,1183742,False
2016-06-22,11.57638931,11.80966703,11.51807009,11.73676886,877476,False
2016-06-23,11.66386795,11.73676781,11.51806907,11.51806907,940452,False
2016-06-26,11.4451704,11.4451704,10.93487562,10.93487562,2071603,False
2016-06-27,11.4451704,11.59096843,11.37227054,11.4451704,2307605,False
2016-06-28,11.4451704,11.4451704,11.29937153,11.37227054,1015803,False
2016-06-29,11.59096909,11.95546502,11.44517105,11.44517105,4473073,False
2016-06-30,11.51806927,11.66386815,11.37227123,11.66386815,1264913,False
2016-07-03,11.51806927,11.66386815,11.37227123,11.66386815,1264913,False
2016-07-04,11.51806927,11.51806927,11.51806927,11.51806927,0,True
2016-07-05,11.51806927,11.51806927,11.51806927,11.51806927,0,True
2016-07-06,11.51806927,11.51806927,11.51806927,11.51806927,0,True
2016-07-10,11.59096909,11.6638681,11.51806922,11.51806922,1391353,False
2016-07-11,11.8825655,12.02836268,11.51806874,11.66386761,5170240,False
2016-07-12,12.17416191,12.53865784,11.88256585,11.88256585,6278035,False
2016-07-14,11.95546532,12.17416237,11.8825663,12.10126335,1850568,False
2016-07-17,11.95546532,12.10126335,11.8825663,11.95546532,619650,False
2016-07-18,11.8825655,12.02836268,11.80966564,11.95546451,1583240,False
2016-07-19,11.73676872,11.8096669,11.66386885,11.8096669,628258,False
2016-07-20,11.73676872,11.73676872,11.66386885,11.73676872,432380,False
2016-07-21,11.73676872,11.73676872,11.66386885,11.66386885,712227,False
2016-07-24,11.59096909,11.80966614,11.51806922,11.73676797,830352,False
2016-07-25,11.8825655,11.8825655,11.5909686,11.5909686,918896,False
2016-07-26,11.8825655,11.95546451,11.66386761,11.80966564,1225285,False
2016-07-27,11.59096909,11.80966614,11.51806922,11.73676797,1647090,False
2016-07-28,10.42458153,11.51806933,10.42458153,11.51806933,6169720,False
2016-07-31,9.914286613,10.2058835,9.622689724,9.987185624,3571389,False
2016-08-01,10.20588398,10.35168285,9.841388063,9.914287077,3272353,False
2016-08-02,10.13298512,10.27878315,9.914287223,10.20588413,2001606,False
2016-08-03,9.914286613,10.06008548,9.768488592,10.06008548,1866801,False
2016-08-04,9.987186432,9.987186432,9.914287415,9.914287415,791023,False
2016-08-07,10.06008625,10.06008625,9.914287371,9.914287371,599056,False
2016-08-08,10.06008625,10.13298527,9.914287371,10.06008625,1257877,False
2016-08-09,10.20588398,10.35168285,9.987186091,10.13298497,1757651,False
2016-08-10,10.13298512,10.27878315,10.0600861,10.20588413,914191,False
2016-08-11,10.20588398,10.20588398,10.06008595,10.13298497,1230860,False
2016-08-14,10.35168362,10.49748166,10.27878375,10.35168362,1527738,False
2016-08-15,10.35168362,10.49748166,10.35168362,10.42458179,1005297,False
2016-08-16,10.35168362,10.57038067,10.35168362,10.49748166,1487195,False
2016-08-17,9.987186432,10.35168321,9.987186432,10.35168321,1093317,False
2016-08-18,10.06008625,10.06008625,9.768489339,10.06008625,1139991,False
2016-08-21,9.987186432,10.13298531,9.987186432,9.987186432,463012,False
2016-08-22,9.914286613,9.987185624,9.768488592,9.987185624,1101185,False
2016-08-23,9.914286613,9.987185624,9.841387603,9.914286613,477352,False
2016-08-24,9.841388702,10.06008661,9.768489684,9.914287721,758738,False
2016-08-25,9.695590019,9.768489033,9.476892131,9.768489033,1007602,False
2016-08-28,9.841388702,9.914287721,9.768489684,9.768489684,444587,False
2016-08-29,9.841388702,9.98718674,9.841388702,9.841388702,420067,False
2016-08-30,9.841388702,9.914287721,9.841388702,9.841388702,643693,False
2016-08-31,9.622691154,9.841389066,9.622691154,9.841389066,867313,False
2016-09-01,9.476892471,9.622690504,9.331094438,9.622690504,609661,False
2016-09-04,9.549791336,9.622689498,9.403992471,9.549791336,413712,False
2016-09-05,9.695590019,9.695590019,9.549791991,9.622690158,578080,False
2016-09-06,9.622691154,9.695591023,9.622691154,9.695591023,554925,False
2016-09-07,9.695590019,9.695590019,9.549791991,9.695590019,370157,False
2016-09-08,9.768489838,9.841388858,9.549792778,9.622690951,929607,False
2016-09-11,9.768489838,9.768489838,9.768489838,9.768489838,0,True
2016-09-12,9.768489838,9.768489838,9.768489838,9.768489838,0,True
2016-09-18,9.622691154,9.768490044,9.622691154,9.768490044,326741,False
2016-09-19,9.331093788,9.622689834,9.185294918,9.622689834,698565,False
2016-09-20,9.403993607,9.403993607,9.185295707,9.331094589,375688,False
2016-09-21,9.403993607,9.476892624,9.331094589,9.403993607,335820,False
2016-09-22,9.403993607,9.476892624,9.331094589,9.403993607,335820,False
2016-09-25,10.2787838,10.2787838,9.403993868,9.476892888,4562393,False
2016-09-26,10.35168362,10.64328054,10.20588473,10.35168362,3848250,False
2016-09-27,9.549791336,10.13298425,9.403992471,10.13298425,3005290,False
2016-09-28,9.841388702,10.27878366,9.476892762,9.549792627,4172801,False
2016-09-29,9.841388702,10.13298562,9.622690799,9.841388702,2633939,False
2016-10-02,9.841388702,9.841388702,9.841388702,9.841388702,0,True
2016-10-03,9.841388702,9.841388702,9.841388702,9.841388702,0,True
2016-10-04,10.78907871,10.78907871,10.71617885,10.78907871,1513761,False
2016-10-05,11.29937267,11.5909696,10.93487673,11.22647281,11237468,False
2016-10-06,10.86197662,11.22647169,10.86197662,11.22647169,3182405,False
2016-10-09,10.2787838,10.86197765,10.13298576,10.86197765,3634966,False
2016-10-10,10.35168362,10.49748166,9.914287807,10.06008669,3108262,False
2016-10-11,10.35168362,10.64328054,10.27878375,10.49748166,2533943,False
2016-10-12,10.71617794,10.93487583,10.4974809,10.4974809,5520434,False
2016-10-13,10.42458153,10.71617844,10.35168336,10.64328027,2068805,False
2016-10-16,10.35168362,10.71617871,10.35168362,10.49748166,2911602,False
2016-10-17,10.13298512,10.35168301,10.0600861,10.27878315,1152128,False
2016-10-18,9.549791336,9.987185389,9.331093463,9.91428638,2431263,False
2016-10-19,9.768489838,9.768489838,9.476892911,9.622690951,1423193,False
2016-10-20,9.987186432,9.987186432,9.695590366,9.768489382,2093670,False
2016-10-23,10.06008625,10.20588428,9.841388355,9.914287371,2064179,False
2016-10-25,10.2787838,10.2787838,10.13298576,10.13298576,1317162,False
2016-10-26,10.71617794,10.7890778,10.06008597,10.20588399,5051475,False
2016-10-27,10.71617794,11.00777484,10.57037991,10.71617794,4721088,False
2016-10-30,10.42458153,10.64328027,10.35168336,10.64328027,2017414,False
2016-10-31,10.78907871,11.08067479,10.49748178,10.49748178,7078239,False
2016-11-01,10.71617794,10.86197682,10.64327977,10.7890778,1408202,False
2016-11-02,10.42458153,10.78907831,10.42458153,10.71617844,2655525,False
2016-11-03,10.57038021,10.64328007,10.42458133,10.42458133,1699943,False
2016-11-06,10.64328003,10.78907806,10.49748115,10.57038017,1648242,False
2016-11-07,10.93487644,11.08067448,10.78907841,10.78907841,3024172,False
2016-11-08,11.15357399,11.22647216,11.00777511,11.08067413,2459283,False
2016-11-09,11.80966568,12.24706146,10.71617793,10.8619768,8116253,False
2016-11-10,11.80966568,12.10126258,11.80966568,11.88256554,3851287,False
2016-11-13,11.8825655,12.10126254,11.80966564,12.02836268,5354569,False
2016-11-14,11.66386795,11.95546486,11.66386795,11.95546486,3083795,False
2016-11-15,11.29937267,11.73676849,11.15357463,11.66386862,2426047,False
2016-11-16,11.73676872,11.73676872,11.44517179,11.44517179,2220345,False
2016-11-17,11.95546532,12.24706224,11.59096938,11.73676826,7058843,False
2016-11-20,12.17416191,12.39285981,11.95546486,12.02836303,4912889,False
2016-11-21,11.95546532,12.39286028,11.95546532,12.24706224,3274443,False
2016-11-22,11.80966568,11.95546455,11.51806878,11.88256554,3904670,False
2016-11-23,11.8825655,12.02836268,11.80966564,11.80966564,2924164,False
2016-11-24,11.66386795,11.95546486,11.66386795,11.95546486,3876265,False
2016-11-27,11.8825655,11.8825655,11.5909686,11.66386761,3136186,False
2016-11-28,11.73676872,11.88256677,11.59096983,11.8096669,2582248,False
2016-11-29,11.66386795,11.88256585,11.66386795,11.80966598,1790597,False
2016-11-30,12.02836323,12.10126309,11.66386814,11.66386814,5344793,False
2016-12-01,11.95546532,12.24706224,11.95546532,12.17416237,4711939,False
2016-12-04,12.02836323,12.31996014,11.88256604,12.02836323,6518214,False
2016-12-05,12.17416191,12.24706177,11.95546486,12.02836303,5097606,False
2016-12-06,12.39285946,12.46575847,11.95546453,12.17416157,8733638,False
2016-12-07,12.31995964,12.75735542,12.31995964,12.3928595,7692624,False
2016-12-08,12.24706268,12.46575975,12.17416281,12.39286073,3033917,False
2016-12-11,12.39285946,12.53865749,12.3199596,12.3199596,3874294,False
2016-12-12,12.17416191,12.53865784,12.1012629,12.46575882,3780080,False
2016-12-13,12.02836323,12.17416211,11.80966618,12.17416211,1418128,False
2016-12-14,11.73676872,12.10126383,11.73676872,11.95546579,1339059,False
2016-12-15,11.73676872,11.73676872,11.44517179,11.59096983,2228150,False
2016-12-18,11.8825655,11.95546451,11.73676747,11.73676747,1424167,False
2016-12-19,11.73676872,11.88256677,11.66386885,11.88256677,861673,False
2016-12-20,11.73676872,11.95546579,11.66386885,11.66386885,2639149,False
2016-12-21,11.95546532,12.10126335,11.6638684,11.73676826,2438834,False
2016-12-22,11.80966568,12.1741616,11.80966568,12.02836272,1620427,False
2016-12-25,12.02836323,12.17416211,11.88256604,11.95546506,3036792,False
2016-12-27,12.39285946,12.53865749,12.24706143,12.39285946,3317614,False
2016-12-28,12.24706268,12.39286073,12.17416281,12.31996086,2074291,False
2016-12-29,12.10126305,12.24706193,12.02836318,12.24706193,1284544,False
2017-01-01,12.17416191,12.17416191,11.95546486,12.1012629,1875204,False
2017-01-02,12.02836323,12.17416211,12.02836323,12.17416211,1264078,False
2017-01-03,12.10126305,12.17416206,11.95546501,12.02836318,1280751,False
2017-01-04,12.02836323,12.10126309,12.02836323,12.10126309,1269390,False
2017-01-05,12.24706268,12.31996086,12.02836393,12.02836393,4530599,False
2017-01-08,12.17416191,12.31995994,12.17416191,12.24706177,1980312,False
2017-01-09,12.02836323,12.24706197,11.88256604,12.17416211,2246134,False
2017-01-10,11.66386795,12.02836303,11.66386795,12.02836303,3165205,False
2017-01-11,11.29937267,11.73676849,11.29937267,11.66386862,1919799,False
2017-01-12,11.37227058,11.59096847,11.22647171,11.44517044,1822737,False
2017-01-15,11.51806927,11.66386815,11.29937222,11.37227123,1328419,False
2017-01-16,11.4451704,11.59096843,11.37227054,11.59096843,1024305,False
2017-01-17,11.66386795,11.80966598,11.37227104,11.51806907,1709457,False
2017-01-18,11.66386795,11.88256585,11.59096893,11.66386795,1559426,False
2017-01-19,11.95546532,12.24706224,11.80966643,11.95546532,5369272,False
2017-01-22,12.17416191,12.24706177,11.88256585,11.95546486,3148386,False
2017-01-23,12.10126305,12.3199601,12.10126305,12.17416206,3002989,False
2017-01-24,12.53865719,12.75735507,12.10126227,12.17416128,7572861,False
2017-01-25,12.61155701,12.8302549,12.46575897,12.68445687,3279588,False
2017-01-26,12.97605324,12.97605324,12.53865746,12.68445634,7122699,False
2017-01-29,13.19475079,13.41344784,12.97605374,12.97605374,7463384,False
2017-01-30,12.83025455,13.19475048,12.75735554,13.12185061,4090646,False
2017-01-31,13.12185097,13.19475083,12.8302549,12.90315392,4550847,False
2017-02-01,12.90315437,13.1947513,12.83025535,13.04895326,2473821,False
2017-02-02,12.83025455,13.04895245,12.83025455,12.97605343,1341534,False
2017-02-05,12.83025455,13.04895245,12.75735554,12.90315357,1209034,False
2017-02-06,12.83025455,12.90315357,12.68445653,12.83025455,999371,False
2017-02-07,12.90315437,12.90315437,12.68445732,12.83025535,1646943,False
2017-02-08,12.75735569,12.75735569,12.5386578,12.75735569,1930760,False
2017-02-09,12.68445683,12.83025486,12.61155696,12.75735584,1094322,False
2017-02-12,12.75735569,12.83025471,12.68445667,12.75735569,1257150,False
2017-02-13,13.12185097,13.26764985,12.68445687,12.75735588,3071502,False
2017-02-14,13.26764965,13.34054867,13.0489526,13.19475063,3318794,False
2017-02-15,13.12185097,13.26764985,12.97605378,13.26764985,1953057,False
2017-02-16,13.04895306,13.19475109,12.97605404,13.04895306,1505339,False
2017-02-19,13.26764965,13.63214558,13.12185077,13.12185077,4014657,False
2017-02-20,13.41344833,13.77794512,13.04895324,13.19475128,5825575,False
2017-02-21,13.55924702,13.85084309,13.34054912,13.70504505,8134426,False
2017-02-22,13.26764965,13.63214558,13.19475063,13.63214558,2655641,False
2017-02-23,13.12185097,13.26764985,13.0489528,13.19475083,2151498,False
2017-02-26,13.19475079,13.2676498,13.12185092,13.12185092,665830,False
2017-02-27,12.97605324,13.41344732,12.83025436,13.12185042,2476451,False
2017-02-28,13.12185097,13.19475083,12.90315392,12.97605378,1354447,False
2017-03-01,12.97605324,13.12185042,12.90315338,13.12185042,2336049,False
2017-03-02,13.04895306,13.04895306,12.90315417,13.04895306,1981757,False
2017-03-05,12.83025455,12.97605343,12.75735554,12.97605343,1576876,False
2017-03-06,12.68445683,12.83025486,12.61155696,12.83025486,1078800,False
2017-03-07,12.90315437,12.97605424,12.75735633,12.83025535,800235,False
2017-03-08,12.75735569,12.90315372,12.75735569,12.90315372,1168149,False
2017-03-09,12.61155701,12.75735589,12.46575897,12.68445687,1731276,False
2017-03-12,12.53865719,12.68445606,12.46575818,12.6115562,1106764,False
2017-03-13,12.39285946,12.6115565,12.39285946,12.46575847,1118377,False
2017-03-14,12.31995964,12.3928595,12.02836274,12.31995964,1483762,False
2017-03-15,12.53865719,12.53865719,12.24706114,12.31995931,1009656,False
2017-03-16,12.75735569,12.75735569,12.5386578,12.61155681,1684979,False
2017-03-19,12.75735569,12.75735569,12.61155681,12.75735569,687438,False
2017-03-20,12.68445683,12.83025486,12.61155696,12.68445683,630835,False
2017-03-21,12.53865719,12.75735507,12.46575818,12.68445606,893660,False
2017-03-22,12.39285946,12.46575847,12.24706143,12.39285946,864020,False
2017-03-23,12.75735569,12.97605358,12.3199599,12.3199599,2539100,False
2017-03-26,12.90315437,13.04895326,12.75735633,12.83025535,1678108,False
2017-03-27,12.75735569,12.83025471,12.68445667,12.83025471,613647,False
2017-03-28,12.75735569,12.83025471,12.68445667,12.75735569,627809,False
2017-03-29,12.75735569,12.75735569,12.75735569,12.75735569,0,True
2017-03-30,12.90315437,12.97605424,12.75735633,12.97605424,1375302,False
2017-04-03,12.90315437,13.1947513,12.90315437,13.12185143,1021860,False
2017-04-05,12.97605324,13.12185042,12.90315338,12.97605324,687111,False
2017-04-06,13.04895306,13.12185123,12.97605404,13.04895306,1427204,False
2017-04-09,13.19475079,13.2676498,12.97605374,12.97605374,2041638,False
2017-04-10,13.26764965,13.41344768,13.19475063,13.26764965,1900471,False
2017-04-11,13.34054852,13.55924641,13.2676495,13.2676495,3011962,False
2017-04-12,14.6527338,14.6527338,13.99664099,13.99664099,4930060,False
2017-04-13,14.57983589,15.38172679,14.50693518,15.23592875,17274094,False
2017-04-16,14.79853249,14.94433052,14.4340374,14.57983544,6631196,False
2017-04-17,16.11071777,16.18361679,14.6527341,14.79853212,14857000,False
2017-04-18,15.96492004,16.6939102,15.67332229,16.03781906,16911003,False
2017-04-19,16.11071777,16.40231383,15.67332199,15.96491974,9966759,False
2017-04-20,15.74622059,16.11071735,15.60042256,16.03781833,6000941,False
2017-04-23,14.87143135,15.96491997,14.79853234,15.89201926,6502363,False
2017-04-24,15.38172626,15.38172626,14.79853244,14.87143146,3418531,False
2017-04-25,15.01723099,15.52752409,15.01723099,15.38172606,2156273,False
2017-04-26,15.01723099,15.16302902,14.94433028,15.09012831,1018905,False
2017-04-27,15.16302872,15.52752379,15.01723069,15.01723069,2667429,False
2017-04-30,14.94433117,15.16302992,14.87143215,15.01723188,2071416,False
2017-05-01,14.72563362,14.94433067,14.72563362,14.94433067,1908773,False
2017-05-03,14.79853249,15.01723123,14.50693473,14.65273445,3002238,False
2017-05-04,14.57983589,14.79853295,14.50693518,14.72563393,1371137,False
2017-05-07,14.6527338,14.79853183,14.57983479,14.57983479,2234968,False
2017-05-08,14.72563362,15.01723138,14.57983559,14.6527346,3374988,False
2017-05-10,14.72563362,14.79853264,14.57983559,14.79853264,922953,False
2017-05-11,14.72563362,15.01723138,14.6527346,14.79853264,1398377,False
2017-05-14,14.87143135,14.87143135,14.6527343,14.72563332,534640,False
2017-05-15,14.87143135,15.01723108,14.79853234,14.79853234,1085440,False
2017-05-16,15.16302872,15.23592773,14.87143097,14.87143097,1811196,False
2017-05-17,14.94433117,15.16302992,14.87143215,15.01723188,782048,False
2017-05-18,14.94433117,15.01723188,14.87143215,14.87143215,684869,False
2017-05-21,14.94433117,15.16302992,14.87143215,15.16302992,1003563,False
2017-05-22,14.87143135,14.94433037,14.72563332,14.87143135,672196,False
2017-05-23,14.43403721,14.72563327,14.3611365,14.72563327,1657143,False
2017-05-24,13.85084248,14.43403714,13.85084248,14.43403714,2003154,False
2017-05-25,13.92374229,14.06954117,13.85084243,13.92374229,1062258,False
2017-05-28,13.12185097,13.92374269,12.90315392,13.92374269,2495881,False
2017-05-29,13.19475079,13.34054882,12.83025486,13.12185092,1236642,False
2017-05-30,13.19475079,13.34054882,13.12185092,13.2676498,806257,False
2017-05-31,13.12185097,13.26764985,13.12185097,13.19475083,746812,False
2017-06-01,13.26764965,13.70504459,13.12185077,13.12185077,1250355,False
2017-06-04,13.26764965,13.39886873,13.15101038,13.20932959,575606,False
2017-06-05,13.34054852,13.39886857,13.13643127,13.19475049,443195,False
2017-06-06,13.19475079,13.39886888,13.13643157,13.34054882,882483,False
2017-06-07,13.20932961,13.32596888,13.15101039,13.19475065,463128,False
2017-06-08,13.36970806,13.45718687,13.19474959,13.238489,1766352,False
2017-06-11,12.99063206,13.47176639,12.9760531,13.36970862,1575550,False
2017-06-12,13.15101051,13.22391038,12.96147307,13.03437293,878156,False
2017-06-13,13.10727215,13.23849038,13.0926915,13.20932993,314229,False
2017-06-14,13.0197916,13.16559048,12.990632,13.06353186,791724,False
2017-06-15,12.62613773,13.01979243,12.59697813,13.01979243,945273,False
2017-06-18,12.34911919,12.61155648,12.17416155,12.61155648,697237,False
2017-06-19,12.36369991,12.48033834,12.29080005,12.39285952,1320498,False
2017-06-20,12.50949764,12.61155626,12.39285922,12.39285922,1114552,False
2017-06-21,12.96147251,13.18016955,12.53865739,12.55323719,2628839,False
2017-06-22,13.4863472,13.4863472,12.90315339,12.97605325,3082068,False
2017-06-25,13.4863472,13.4863472,13.4863472,13.4863472,0,True
2017-06-26,13.4863472,13.4863472,12.90315339,12.97605325,3082068,False
2017-06-27,13.4863472,13.4863472,12.90315339,12.97605325,3082068,False
2017-06-28,13.4863472,13.4863472,12.90315339,12.97605325,3082068,False
2017-06-29,13.4863472,13.4863472,12.90315339,12.97605325,3082068,False
2017-07-02,13.36970806,13.50092543,13.2968082,13.48634648,784045,False
2017-07-03,13.35512829,13.45718776,13.34054849,13.34054849,667345,False
2017-07-04,13.2968092,13.48634748,13.26764959,13.34054861,1045967,False
2017-07-05,13.26764965,13.34054867,13.13643142,13.28222945,1031922,False
2017-07-06,13.2384901,13.26764971,13.15101044,13.2384901,296547,False
2017-07-09,13.2384901,13.26764971,13.18017004,13.1947507,281402,False
2017-07-10,13.77794456,13.82168313,13.22391035,13.28222956,2567809,False
2017-07-11,13.44260788,13.77794506,13.35512906,13.77794506,2202887,False
2017-07-12,13.67588425,13.92374173,13.55924583,13.70504385,3746334,False
2017-07-13,13.54466724,13.74878534,13.45718842,13.74878534,1699186,False
2017-07-16,13.50092697,13.60298644,13.41344815,13.54466723,1102707,False
2017-07-17,13.47176743,13.51550768,13.34054919,13.48634808,525757,False
2017-07-18,13.51550674,13.55924615,13.36970872,13.41344728,834608,False
2017-07-19,13.15101051,13.50092664,13.04895274,13.44260743,1967798,False
2017-07-20,13.25307083,13.26765064,13.10727279,13.12185175,823609,False
2017-07-23,13.39886856,13.39886856,13.15101022,13.23848988,1324415,False
2017-07-24,13.45718765,13.54466647,13.26764937,13.4134474,1803091,False
2017-07-25,13.47176743,13.53008664,13.41344821,13.42802886,739877,False
2017-07-26,13.4863472,13.4863472,13.36970878,13.44260694,735775,False
2017-07-27,13.66130543,13.67588523,13.36970936,13.44260753,1225664,False
2017-07-30,12.87399387,13.41344743,12.75735545,13.41344743,3893773,False
2017-07-31,12.87399387,12.93231309,12.77193525,12.88857452,972716,False
2017-08-01,12.8594141,12.88857455,12.81567469,12.88857455,824720,False
2017-08-02,13.10727215,13.18017032,12.80109543,12.84483484,2375098,False
2017-08-03,12.88857555,13.03437359,12.83025549,12.90315451,1632085,False
2017-08-06,12.68445683,12.87399427,12.64071657,12.85941446,1419185,False
2017-08-07,12.80109501,12.81567481,12.71361619,12.78651521,693319,False
2017-08-08,12.74277687,12.8302557,12.74277687,12.75735667,550510,False
2017-08-09,12.71361637,12.78651539,12.69903572,12.74277598,905499,False
2017-08-10,12.71361637,12.75735578,12.68445676,12.74277598,656287,False
2017-08-13,12.6698761,12.71361636,12.64071649,12.68445675,447620,False
2017-08-14,12.6698761,12.72819616,12.64071649,12.64071649,405306,False
2017-08-15,12.6698761,12.85941439,12.64071649,12.6698761,1768258,False
2017-08-16,12.77193546,12.81567487,12.62613743,12.68445664,922472,False
2017-08-17,12.72819614,12.961473,12.71361634,12.85941437,2259403,False
2017-08-20,12.75735569,12.7865153,12.72819608,12.75735569,680019,False
2017-08-21,12.75735569,12.8010951,12.72819608,12.72819608,448059,False
2017-08-22,12.75735569,12.7865153,12.74277589,12.75735569,142670,False
2017-08-23,12.74277687,12.77193648,12.72819707,12.74277687,315687,False
2017-08-24,12.71361637,12.77193558,12.62613755,12.74277598,644132,False
2017-08-27,12.74277687,12.75735667,12.65529805,12.72819707,399282,False
2017-08-28,12.78651524,12.80109504,12.68445661,12.74277583,459694,False
2017-08-29,12.74277687,12.78651628,12.69903661,12.74277687,517939,False
2017-08-30,12.74277687,12.74277687,12.74277687,12.74277687,0,True
2017-08-31,12.74277687,12.74277687,12.74277687,12.74277687,0,True
2017-09-03,12.74277687,12.74277687,12.74277687,12.74277687,0,True
2017-09-04,12.74277687,12.74277687,12.74277687,12.74277687,0,True
2017-09-05,12.74277687,12.74277687,12.74277687,12.74277687,0,True
2017-09-06,12.74277687,12.74277687,12.74277687,12.74277687,0,True
2017-09-07,12.83025455,12.87399396,12.72819593,12.77193534,887189,False
2017-09-10,12.87399387,12.91773413,12.80109486,12.81567466,1030844,False
2017-09-11,13.09269142,13.19475089,12.85941457,12.85941457,1607721,False
2017-09-12,13.0781126,13.29680966,13.048953,13.29680966,940896,False
2017-09-13,13.10727215,13.13643176,12.93231366,13.04895293,1086247,False
2017-09-14,12.80109501,13.0343727,12.7719354,13.0343727,984183,False
2017-09-17,12.90315437,12.90315437,12.68445732,12.80109575,2193607,False
2017-09-18,12.80109501,12.90315363,12.78651521,12.88857467,876437,False
2017-09-19,12.84483433,12.84483433,12.77193531,12.83025452,683235,False
2017-09-20,12.84483433,12.84483433,12.84483433,12.84483433,0,True
2017-09-21,12.84483433,12.84483433,12.84483433,12.84483433,0,True
2017-09-24,12.84483433,12.84483433,12.84483433,12.84483433,0,True
2017-09-25,12.83025455,13.04895245,12.83025455,12.94689383,1080900,False
2017-09-26,12.81567478,12.88857464,12.77193537,12.83025458,1423171,False
2017-09-27,12.80109501,12.83025461,12.7427758,12.83025461,785093,False
2017-09-28,12.78651524,12.81567484,12.75735563,12.78651524,536954,False
2017-10-01,12.8594141,12.8739939,12.71361607,12.75735548,841659,False
2017-10-02,12.83025455,12.85941416,12.80109495,12.85941416,432101,False
2017-10-03,12.83025455,12.83025455,12.83025455,12.83025455,0,True
2017-10-04,12.45117855,12.55323717,12.39285934,12.46575835,766756,False
2017-10-05,12.39285946,12.46575847,12.39285946,12.43659887,813102,False
2017-10-08,12.15958214,12.42201944,12.15958214,12.42201944,709923,False
2017-10-09,11.99920368,12.15958237,11.92630551,12.15958237,753181,False
2017-10-10,11.80966568,12.02836272,11.80966568,11.98462416,432939,False
2017-10-11,11.54722881,11.80966612,11.4889096,11.80966612,950894,False
2017-10-12,11.57638931,11.62012957,11.41601231,11.50349114,537747,False
2017-10-15,11.51806927,11.59096913,11.4743307,11.59096913,475651,False
2017-10-16,11.57638931,11.57638931,11.50349114,11.51807009,607091,False
2017-10-17,11.53264904,11.5763876,11.50348944,11.53264904,521899,False
2017-10-18,11.48890972,11.51806933,11.45975011,11.50349037,364386,False
2017-10-19,11.48890972,11.48890972,11.43059051,11.47433076,1230101,False
2017-10-22,11.27021313,11.48891019,11.25563248,11.45975058,756454,False
2017-10-23,10.99319553,11.255632,10.89113691,11.255632,745079,False
2017-10-24,10.71617794,10.96403544,10.70159898,10.96403544,1268616,False
2017-10-25,9.651851654,11.08067502,9.651851654,10.94945678,6556214,False
2017-10-26,9.287355423,9.476892874,8.995758498,9.112396929,10024639,False
2017-10-29,9.433154106,9.578953002,9.301935862,9.331095472,3683292,False
2017-10-30,9.345674515,9.506052356,9.2873553,9.506052356,2334402,False
2017-10-31,9.403993607,9.447733017,9.301934982,9.331094589,1654042,False
2017-11-01,9.374834061,9.418573472,9.316514846,9.360254257,1361799,False
2017-11-02,9.360253334,9.403992741,9.33109373,9.389412938,1331589,False
2017-11-05,9.185295105,9.301934373,8.981177869,9.301934373,1961729,False
2017-11-06,9.126976967,9.185296184,9.06865775,9.185296184,797747,False
2017-11-07,8.602101326,9.156134618,8.543782121,9.156134618,2960095,False
2017-11-08,8.762480736,8.806220147,8.529203874,8.631262501,1647203,False
2017-11-09,8.849960327,8.879119935,8.747900854,8.777060462,1141773,False
2017-11-12,8.747900009,8.849959472,8.733320207,8.849959472,1188401,False
2017-11-13,8.835379601,8.835379601,8.747900779,8.777060386,893792,False
2017-11-14,9.054077148,9.068656951,8.8208003,8.835379256,2097911,False
2017-11-15,8.981178284,9.185295529,8.981178284,9.068657103,1333699,False
2017-11-16,8.952018738,9.126977241,8.90828017,8.981179194,1949954,False
2017-11-19,8.806220055,8.981178546,8.806220055,8.966598742,1260198,False
2017-11-20,8.820800781,9.156136269,8.806220131,8.995758427,4312131,False
2017-11-21,8.777060509,8.820800767,8.71874214,8.820800767,1236054,False
2017-11-22,8.922858238,8.952017845,8.806219812,8.806219812,1444902,False
2017-11-23,8.995758057,9.054077269,8.922858194,8.922858194,1413171,False
2017-11-26,9.097816467,9.170716328,9.024917453,9.024917453,1491381,False
2017-11-27,9.068656921,9.156135739,9.024917512,9.11239633,934980,False
2017-11-28,9.14155674,9.156135696,9.02491747,9.02491747,821446,False
2017-11-29,9.112397194,9.170717258,9.09781739,9.156136607,627129,False
2017-11-30,9.112397194,9.126976998,9.083237585,9.09781739,525112,False
2017-12-03,9.258194923,9.287354528,9.141556503,9.156135459,1417198,False
2017-12-04,9.81223011,10.08924639,9.258195864,9.272774822,8460988,False
2017-12-05,10.20588398,10.24962339,9.710169838,9.841388063,10158274,False
2017-12-06,10.2496233,10.5703798,10.16214448,10.22046369,5730731,False
2017-12-07,10.30794239,10.41000185,10.22046358,10.22046358,3835130,False
2017-12-10,10.89113617,11.02235439,10.57037967,10.57037967,5758258,False
2017-12-11,10.58495998,10.97861552,10.58495998,10.97861552,4252209,False
2017-12-12,10.4683218,10.61412068,10.41000259,10.57038042,2424576,False
2017-12-13,10.74533844,11.00777576,10.27878386,10.45374236,4458388,False
2017-12-14,10.93487644,11.25563212,10.78907841,10.78907841,4673617,False
2017-12-17,11.03693485,11.21189334,10.94945603,10.94945603,2139656,False
2017-12-18,11.03693485,11.18273373,10.97861564,11.02235505,1431378,False
2017-12-19,11.08067417,11.37227108,10.87655693,11.09525482,5582658,False
2017-12-20,10.92029667,11.13899372,10.87655726,11.06609471,1665976,False
2017-12-21,10.8473978,10.97861604,10.80365839,10.97861604,1444661,False
2017-12-24,10.61412048,10.84739734,10.55580042,10.81823773,1486869,False
2017-12-25,10.55579948,10.70159835,10.51206008,10.58495909,1837269,False
2017-12-26,10.59954071,10.62870032,10.54122149,10.5703811,1246598,False
2017-12-27,10.68701839,10.73075865,10.61412023,10.61412023,2116968,False
2017-12-28,10.73075867,10.74533762,10.64327985,10.68701841,2178299,False
2017-12-31,10.68701839,10.83281727,10.65785879,10.74533761,1651994,False
2018-01-01,10.70159912,10.80365774,10.49748103,10.64327991,2551511,False
2018-01-02,10.74533844,10.86197772,10.70159987,10.73075948,2805713,False
2018-01-03,10.58495998,10.71617821,10.54122057,10.70159926,1398591,False
2018-01-04,10.64328003,10.67243964,10.59953977,10.59953977,763307,False
2018-01-07,10.64328003,10.7453378,10.64328003,10.7161782,1306987,False
2018-01-08,10.58495998,10.71617821,10.57038018,10.67243965,922191,False
2018-01-09,10.51206112,10.6432802,10.4391621,10.61412059,797045,False
2018-01-10,10.41000271,10.54122094,10.22046441,10.54122094,1441581,False
2018-01-11,10.43916225,10.46832186,10.35168343,10.38084304,660544,False
2018-01-14,10.45374203,10.48290163,10.38084301,10.48290163,869739,False
2018-01-15,10.42458153,10.46832179,10.39542192,10.46832179,588028,False
2018-01-16,10.64328003,11.00777511,10.42458129,10.42458129,5725911,False
2018-01-17,10.61412048,10.73075891,10.57038023,10.6724397,1617385,False
2018-01-18,10.59954071,10.64328097,10.42458221,10.64328097,1400032,False
2018-01-21,10.41000271,10.68701898,10.36626245,10.62869976,1291878,False
2018-01-22,10.35168362,10.49748166,10.32252401,10.49748166,1068327,False
2018-01-23,10.35168362,10.43916244,10.32252401,10.38084322,783512,False
2018-01-24,10.4683218,10.73075911,10.42458154,10.6724399,5116591,False
2018-01-25,10.41000271,10.48290173,10.35168349,10.48290173,1540560,False
2018-01-28,10.4683218,10.57038042,10.41000259,10.453742,2678078,False
2018-01-29,10.48290157,10.55580059,10.43916216,10.46832177,1462001,False
2018-01-30,10.51206112,10.55580053,10.42458145,10.45374191,1663201,False
2018-01-31,10.51206112,10.70159941,10.45374191,10.55580053,2568481,False
2018-02-01,10.4683218,10.57038042,10.42458154,10.52664101,1097441,False
2018-02-04,10.38084316,10.42458173,10.35168355,10.42458173,1035885,False
2018-02-05,10.42458153,10.46832179,10.35168336,10.35168336,772002,False
2018-02-06,10.35168362,10.39542218,10.23504434,10.33710297,1311092,False
2018-02-07,10.20588398,10.43916167,10.20588398,10.38084246,1028289,False
2018-02-08,10.26420403,10.32252409,10.23504442,10.23504442,741547,False
2018-02-11,10.14756489,10.24962351,10.08924568,10.2204639,967872,False
2018-02-12,10.22046375,10.30794257,10.20588395,10.20588395,765905,False
2018-02-13,10.26420403,10.3516837,10.20588481,10.26420403,991656,False
2018-02-14,10.2496233,10.30794251,10.2350435,10.2642031,620589,False
2018-02-15,10.26420403,10.30794344,10.26420403,10.26420403,567003,False
2018-02-18,10.22046375,10.30794257,10.20588395,10.27878296,538742,False
2018-02-19,10.14756489,10.2204639,10.06008607,10.2204639,1308319,False
2018-02-20,10.13298512,10.19130433,10.11840531,10.11840531,556098,False
2018-02-21,10.22046375,10.24962336,10.13298494,10.13298494,927794,False
2018-02-22,10.23504353,10.43916161,10.20588392,10.23504353,2548523,False
2018-02-25,10.20588398,10.29336364,10.17672437,10.26420319,698716,False
2018-02-26,10.26420403,10.29336448,10.1767252,10.19130501,726365,False
2018-02-27,10.35168362,10.42458179,10.26420395,10.2933644,2009003,False
2018-02-28,10.23504353,10.39542136,10.22046372,10.33710214,1038047,False
2018-03-01,10.20588398,10.26420319,10.19130418,10.23504359,940428,False
2018-03-04,10.20588398,10.26420319,10.17672437,10.20588398,578107,False
2018-03-05,10.16214466,10.24962348,10.16214466,10.20588407,835056,False
2018-03-06,10.23504353,10.29336358,10.14756471,10.17672431,1261304,False
2018-03-07,10.20588398,10.23504359,10.17672437,10.22046378,572097,False
2018-03-08,10.19130421,10.24962342,10.1767244,10.20588401,599910,False
2018-03-11,10.29336452,10.30794348,10.19130505,10.20588485,1859126,False
2018-03-12,10.4683218,10.62869964,10.29336416,10.29336416,5570758,False
2018-03-13,10.49748039,10.5703794,10.42458053,10.52664,2080048,False
2018-03-14,10.58495998,10.78907808,10.45374176,10.52664077,2938977,False
2018-03-15,10.57038021,10.70159929,10.512061,10.70159929,1537680,False
2018-03-18,10.58495998,10.67243965,10.55580038,10.64328004,1372234,False
2018-03-19,10.8473978,11.12441492,10.64328055,10.65785951,9046166,False
2018-03-20,10.8765564,10.99319482,10.73075837,10.83281699,3110172,False
2018-03-21,10.8765564,10.8765564,10.8765564,10.8765564,0,True
2018-03-22,10.83281708,11.02235451,10.74533741,10.83281708,4387126,False
2018-03-25,10.71617794,10.86197682,10.71617794,10.7890778,1306303,False
2018-03-26,10.68701839,10.716178,10.64327983,10.716178,1178808,False
2018-03-27,10.55579948,10.73075795,10.55579948,10.70159835,1437027,False
2018-03-28,10.68701839,10.70159904,10.49748096,10.62869918,1331739,False
2018-03-29,10.4683218,10.6724399,10.453742,10.6724399,2054008,False
2018-04-01,10.49748039,10.5703794,10.42458053,10.42458053,1155211,False
2018-04-02,10.52663994,10.57037934,10.48290053,10.49748033,1054826,False
2018-04-03,10.61412048,10.71617826,10.48290141,10.51206101,2890751,False
2018-04-04,10.62870026,10.75991934,10.57038104,10.73075973,2000740,False
2018-04-05,10.68701839,10.73075865,10.61412023,10.64327983,1869845,False
2018-04-08,10.59954071,10.68701954,10.5703811,10.67244058,1489492,False
2018-04-09,10.57038021,10.68701864,10.57038021,10.61412047,1325706,False
2018-04-10,10.51206112,10.58496014,10.49748132,10.58496014,1190130,False
2018-04-11,10.29336452,10.52664139,10.27878387,10.49748178,2043091,False
2018-04-12,10.29336452,10.39542231,10.22046466,10.29336452,1196995,False
2018-04-15,10.49748039,10.52664,10.39542093,10.39542093,1572710,False
2018-04-16,10.49748039,10.51206019,10.41000158,10.49748039,2209278,False
2018-04-17,10.59954071,10.61412136,10.41000325,10.51206188,2222646,False
2018-04-18,10.96403599,11.31395212,10.58496025,10.59954005,14048438,False
2018-04-19,11.08067417,11.4305903,11.00777516,11.06609437,10559182,False
2018-04-22,11.76592827,11.78050723,11.03693552,11.16815375,11263917,False
2018-04-23,11.911726,11.98462502,11.7221877,11.80966652,8332246,False
2018-04-24,11.6930275,11.9554648,11.50349006,11.9554648,5285689,False
2018-04-25,12.042943,12.10126221,11.51806842,11.6930269,6311620,False
2018-04-26,12.29080009,12.39285956,12.07210305,12.07210305,6635273,False
2018-04-29,12.13042259,12.46575891,12.07210338,12.29080043,4421917,False
2018-04-30,11.82424641,12.21790108,11.80966576,12.11584246,4212476,False
2018-05-01,11.80966568,11.91172515,11.64928785,11.85340594,3482550,False
2018-05-02,11.89714527,12.01378455,11.76592788,11.80966645,3372497,False
2018-05-03,11.78050613,11.89714456,11.67844751,11.853406,1576748,False
2018-05-06,11.75134659,11.86798501,11.72218698,11.83882541,1685064,False
2018-05-07,7.276796341,7.312952831,7.240638157,7.312952831,1692510,False
2018-05-08,6.544596672,6.544596672,6.544596672,6.544596672,2000842,False
2018-05-09,6.155898094,6.300529557,5.966068479,6.002226239,16349397,False
2018-05-10,6.300529957,6.363806358,6.119740299,6.146858515,5421701,False
2018-05-13,6.228212833,6.345727346,6.21013459,6.345727346,4243732,False
2018-05-14,6.083581924,6.237253361,6.038384617,6.237253361,4789620,False
2018-05-15,6.056463242,6.128778758,6.011265091,6.119739636,2458843,False
2018-05-16,6.065502644,6.101660827,6.011265369,6.02934446,1634572,False
2018-05-17,6.056463242,6.065502364,6.011265091,6.056463242,915428,False
2018-05-20,6.183015823,6.219174006,6.074542545,6.074542545,1768151,False
2018-05-21,6.146858215,6.228213282,6.101660909,6.228213282,1739709,False
2018-05-22,6.146858215,6.146858215,6.101660909,6.137819093,1372928,False
2018-05-23,6.074542522,6.12877895,6.074542522,6.074542522,1267031,False
2018-05-24,6.020305634,6.092621157,6.002226541,6.074542911,1891460,False
2018-05-27,5.92991066,6.01126573,5.911831567,6.01126573,1130983,False
2018-05-28,5.821436405,5.920870982,5.803357314,5.920870982,1585187,False
2018-05-29,5.839515209,5.902792457,5.794317901,5.830476086,1123272,False
2018-05-30,6.056463242,6.155897818,5.875672757,5.875672757,3497647,False
2018-05-31,6.074542522,6.173977102,6.047423462,6.065502553,1833013,False
2018-06-03,6.083581924,6.137819201,6.074542802,6.074542802,1131176,False
2018-06-04,6.038384438,6.128779049,6.029344468,6.083581743,1010749,False
2018-06-05,5.993186474,6.029344658,5.993186474,6.011265566,842060,False
2018-06-06,6.065502644,6.192055862,6.020305338,6.020305338,2314915,False
2018-06-07,6.137818813,6.210134754,6.056463327,6.092620662,2718132,False
2018-06-10,6.074542522,6.137818919,6.056463431,6.137818919,998111,False
2018-06-11,6.038384438,6.092620866,6.020305346,6.083581743,618337,False
2018-06-12,6.074542522,6.110699858,6.011265279,6.110699858,600938,False
2018-06-13,6.074542522,6.074542522,6.074542522,6.074542522,0,True
2018-06-14,6.074542522,6.074542522,6.074542522,6.074542522,0,True
2018-06-17,6.074542522,6.074542522,6.074542522,6.074542522,0,True
2018-06-18,6.074542522,6.074542522,6.074542522,6.074542522,0,True
2018-06-19,6.074542522,6.074542522,6.074542522,6.074542522,0,True
2018-06-20,6.056463242,6.146857849,6.056463242,6.101660545,1424458,False
2018-06-21,6.128778934,6.128778934,6.056463416,6.092620752,788710,False
2018-06-24,6.146858215,6.164937307,6.101660909,6.146858215,1860060,False
2018-06-25,6.11070013,6.146858315,6.083581916,6.128779223,1398413,False
2018-06-26,6.056463242,6.110699667,6.02030506,6.110699667,1524027,False
2018-06-27,6.065502644,6.074542613,6.03838443,6.074542613,2492303,False
2018-06-28,6.038384438,6.074542621,6.020305346,6.074542621,1383575,False
2018-07-01,6.011265278,6.047423461,6.011265278,6.038384338,855705,False
2018-07-02,5.857593536,6.020304927,5.857593536,6.011264958,1321609,False
2018-07-03,5.803357601,5.875673122,5.77623854,5.85759403,1524690,False
2018-07-04,5.803357601,5.839514938,5.77623854,5.785278509,742659,False
2018-07-05,5.749120235,5.803357083,5.722001177,5.803357083,1040412,False
2018-07-08,5.568329334,5.767199328,5.559290636,5.758159359,2829074,False
2018-07-09,5.595448494,5.604487616,5.514093433,5.586408525,1489375,False
2018-07-10,5.731041908,5.812396979,5.595449136,5.604488259,2647505,False
2018-07-11,5.731041908,5.839515194,5.694883723,5.694883723,2548518,False
2018-07-12,5.740080833,5.740080833,5.694883527,5.731041711,1116663,False
2018-07-15,5.731041908,5.740081031,5.658725537,5.703922846,1391048,False
2018-07-16,5.731041908,5.803357856,5.712962816,5.740081031,1781669,False
2018-07-17,5.694883347,5.740080652,5.694883347,5.73104153,750438,False
2018-07-18,5.722001076,5.785277891,5.676803774,5.694882864,1355485,False
2018-07-19,5.758159637,5.767199606,5.712962333,5.712962333,758706,False
2018-07-22,5.758159637,5.767199606,5.740080546,5.749120515,530404,False
2018-07-23,5.731041908,5.758160124,5.712962816,5.749121001,628291,False
2018-07-24,5.722001076,5.740080166,5.712961954,5.740080166,543157,False
2018-07-25,5.703922272,5.731041332,5.676804059,5.712962241,913490,False
2018-07-26,5.631607056,5.694883454,5.604487994,5.694883454,846896,False
2018-07-29,5.658724785,5.667764753,5.613527482,5.622566604,548638,False
2018-07-30,5.658724785,5.676803875,5.622566604,5.649685663,602816,False
2018-07-31,5.631607056,5.649686148,5.622567086,5.640646178,506433,False
2018-08-01,5.622567177,5.658725361,5.604488085,5.622567177,596447,False
2018-08-02,5.604487896,5.631606957,5.604487896,5.622566988,384204,False
2018-08-05,5.532172203,5.604487291,5.523132235,5.59544817,1644136,False
2018-08-06,5.514093876,5.577369851,5.505053906,5.523132999,1270770,False
2018-08-07,5.50505352,5.541211702,5.468895339,5.523132611,1170525,False
2018-08-08,5.486974716,5.496014686,5.468895624,5.486974716,589623,False
2018-08-09,5.667765141,5.966068458,5.468895557,5.468895557,9125040,False
2018-08-12,5.658724785,5.821436174,5.640645695,5.676803875,1975867,False
2018-08-13,5.613527775,5.785278295,5.586408714,5.785278295,1447244,False
2018-08-14,5.559291363,5.694883711,5.532173147,5.613528217,1500101,False
2018-08-15,5.550251961,5.604487966,5.532172869,5.586408874,756807,False
2018-08-16,5.550251961,5.577369752,5.496014685,5.577369752,1570617,False
2018-08-19,5.550251961,5.577369752,5.496014685,5.577369752,1570617,False
2018-08-20,5.550251961,5.550251961,5.550251961,5.550251961,0,True
2018-08-21,5.550251961,5.550251961,5.550251961,5.550251961,0,True
2018-08-22,5.550251961,5.550251961,5.550251961,5.550251961,0,True
2018-08-23,5.550251961,5.550251961,5.550251961,5.550251961,0,True
2018-08-26,5.57736969,5.604487904,5.559291022,5.586408812,793910,False
2018-08-27,5.568329334,5.595448393,5.559290636,5.577369303,556377,False
2018-08-28,5.541212082,5.568329873,5.541212082,5.568329873,787611,False
2018-08-29,5.450816631,5.559291184,5.441777509,5.541212092,1778186,False
2018-08-30,5.496015072,5.496015072,5.450816916,5.496015072,664279,False
2018-09-02,5.477935314,5.523132618,5.432737164,5.505053527,1080101,False
2018-09-03,5.450816631,5.505053908,5.450816631,5.505053908,647532,False
2018-09-04,5.468895435,5.532172678,5.441777222,5.450816344,903703,False
2018-09-05,5.387539864,5.496014409,5.333303014,5.468895349,2137912,False
2018-09-06,5.306185246,5.387540314,5.215789784,5.387540314,4083283,False
2018-09-09,5.306185246,5.34234343,5.251947968,5.315224368,837065,False
2018-09-10,5.25194788,5.34234334,5.242908757,5.333303371,849190,False
2018-09-11,5.297145367,5.297145367,5.242908935,5.260988028,645996,False
2018-09-12,5.315224171,5.405619206,5.288105957,5.306185048,1174711,False
2018-09-13,5.342342854,5.387539733,5.26098737,5.315223794,992844,False
2018-09-16,5.830475807,5.83951493,5.33330332,5.37850105,7127897,False
2018-09-17,5.640645981,5.920871048,5.62256689,5.82143647,5124991,False
2018-09-18,5.532172203,5.649685439,5.423697665,5.649685439,3734966,False
2018-09-19,5.568329334,5.649685664,5.505053365,5.505053365,1917697,False
2018-09-20,5.541212082,5.604488057,5.532172959,5.559291174,1065829,False
2018-09-23,5.541212082,5.541212082,5.541212082,5.541212082,0,True
2018-09-24,5.541212082,5.604488057,5.532172959,5.559291174,1065829,False
2018-09-25,5.622567177,5.649686239,5.586408992,5.586408992,1459456,False
2018-09-26,5.622567177,5.658725361,5.586408992,5.604488085,1149857,False
2018-09-27,5.50505352,5.622566764,5.50505352,5.613527642,1153410,False
2018-09-30,5.622567177,5.785278583,5.541212109,5.541212109,4116402,False
2018-10-01,5.586409092,5.658725462,5.568329999,5.631607247,1225500,False
2018-10-02,5.712962627,5.794317695,5.586408982,5.586408982,5674081,False
2018-10-03,5.703922272,5.803357272,5.658724968,5.69488315,2660743,False
2018-10-04,5.875672817,5.884712786,5.7039223,5.73104136,5199851,False
2018-10-07,5.812396049,5.9479888,5.740080114,5.884712409,4702891,False
2018-10-08,5.794317245,5.90279179,5.776238155,5.821436305,2353777,False
2018-10-09,5.722001076,5.821436071,5.694882864,5.821436071,1829007,False
2018-10-10,5.640645981,5.731041437,5.631606859,5.694883255,1456360,False
2018-10-11,5.514093876,5.541212091,5.432737538,5.514093876,2212612,False
2018-10-14,5.378500462,5.514093213,5.242908134,5.514093213,2776212,False
2018-10-15,5.595448494,5.604487616,5.414658858,5.42369798,2694528,False
2018-10-16,5.468895435,5.532172678,5.288105794,5.486974526,2216174,False
2018-10-17,5.550251961,5.586408874,5.459856502,5.459856502,1628584,False
2018-10-18,5.514093876,5.595448943,5.496014784,5.514093876,1058846,False
2018-10-21,5.414659023,5.49601451,5.324263991,5.351382204,2055434,False
2018-10-22,5.242908478,5.450816332,5.224829387,5.44177721,2909604,False
2018-10-23,5.405619144,5.496014602,5.2248295,5.242908591,3167859,False
2018-10-24,5.450816631,5.468895723,5.423698417,5.450816631,1523164,False
2018-10-25,5.45985651,5.486974724,5.405619235,5.423698327,1656125,False
2018-10-28,5.50505352,5.550251671,5.423698035,5.441777126,1155499,False
2018-10-29,5.884713173,6.03838461,5.866634081,5.875673203,10479322,False
2018-10-30,5.78527832,5.938950173,5.740080592,5.938950173,4077603,False
2018-10-31,5.712962627,5.812396787,5.694883535,5.812396787,4250076,False
2018-11-01,5.685843945,5.776238127,5.676803976,5.712962157,3005604,False
2018-11-04,5.78527832,5.857593839,5.667765073,5.685844165,4767431,False
2018-11-05,5.776238918,5.920871663,5.767200219,5.767200219,5406467,False
2018-11-06,6.101660252,6.173976611,5.767199205,5.785277871,16505947,False
2018-11-07,6.164937019,6.23725296,6.092620655,6.164937019,9359738,False
2018-11-08,6.083581924,6.327648822,6.074542802,6.137819201,9306652,False
2018-11-11,6.038384438,6.173977202,6.011265377,6.056463529,3983662,False
2018-11-12,6.038384438,6.110699957,6.020305346,6.020305346,3138502,False
2018-11-13,5.947988987,6.074542196,5.947988987,6.029344047,2633946,False
2018-11-14,6.11070013,6.210135137,5.839515018,5.839515018,8507553,False
2018-11-15,6.074542522,6.210134861,6.03838434,6.083581645,4155728,False
2018-11-18,5.911830902,6.074542295,5.911830902,6.056463204,3164016,False
2018-11-19,5.893752098,5.957028495,5.875673007,5.947989373,2035365,False
2018-11-20,5.821436405,5.920870982,5.821436405,5.875672831,1412630,False
2018-11-21,5.821436405,5.85759374,5.785278223,5.812396436,1989408,False
2018-11-22,5.848554611,5.893751915,5.821436398,5.839514642,2060044,False
2018-11-25,5.803357601,5.848554908,5.785278509,5.839514938,1097448,False
2018-11-26,5.830475807,5.848554899,5.794317623,5.830475807,1587486,False
2018-11-27,5.902791977,5.957028404,5.81239652,5.830475612,3572730,False
2018-11-28,6.09262085,6.291490434,6.065502636,6.192055854,10666987,False
2018-11-29,6.011265278,6.101660735,5.975107095,6.101660735,4041374,False
2018-12-02,5.993186474,6.05646372,5.966068682,6.011265566,3346192,False
2018-12-03,5.984147072,6.038384346,5.984147072,6.002226163,1800557,False
2018-12-04,6.029344559,6.083581835,5.984147252,5.984147252,2384156,False
2018-12-05,5.984147072,6.029344377,5.947989312,5.984147072,2529991,False
2018-12-06,6.363805771,6.363805771,5.966068307,5.984146975,15073264,False
2018-12-09,6.192055702,6.427082617,6.192055702,6.336687585,9539263,False
2018-12-10,6.146858215,6.219174159,6.119740001,6.201095068,3742442,False
2018-12-11,6.372846127,6.390924795,6.128779229,6.164937413,10285420,False
2018-12-12,6.571714401,6.634990373,6.390924339,6.390924339,14252368,False
2018-12-13,6.499398708,6.571715079,6.46324137,6.571715079,3712233,False
2018-12-16,6.879057407,7.105044779,6.707306887,6.707306887,19115318,False
2018-12-17,6.833860397,7.03272914,6.797702213,6.951374073,8915184,False
2018-12-18,6.978491783,7.005610419,6.770583086,6.842899026,7784130,False
2018-12-19,7.005610466,7.077925983,6.924254557,6.960412739,10273143,False
2018-12-20,6.870018959,7.04176865,6.671149358,6.99657134,7028000,False
2018-12-23,7.02368927,7.068887424,6.698268148,6.78866234,6896655,False
2018-12-24,7.412388325,7.439506114,7.005610473,7.023688717,14729086,False
2018-12-25,7.394309521,7.683572446,7.25871718,7.29487367,17072244,False
2018-12-26,7.231597424,7.538940276,7.213518333,7.394309242,6245178,False
2018-12-27,7.294873714,7.367190081,7.177360465,7.358151382,5462680,False
2018-12-30,7.439506531,7.439506531,7.294873795,7.32199328,4001313,False
2018-12-31,7.475664616,7.602217411,7.358151366,7.439506432,6611224,False
2019-01-01,7.376230717,7.475664878,7.331032139,7.475664878,3300820,False
2019-01-02,7.412388325,7.439506114,7.231597415,7.367189751,3618561,False
2019-01-03,7.448545456,7.575098242,7.385268639,7.412388122,6183858,False
2019-01-06,7.430466652,7.520861261,7.403348015,7.47566438,3608385,False
2019-01-07,7.439506531,7.475664715,7.394309648,7.430466985,2950456,False
2019-01-08,7.547979832,7.575098468,7.421427042,7.421427042,7854449,False
2019-01-09,7.936679363,7.936679363,7.484704586,7.55702011,13867101,False
2019-01-10,8.09939003,8.298259195,7.945718595,8.045152754,13349930,False
2019-01-13,8.045153618,8.316338333,7.99995673,8.117469994,8112902,False
2019-01-14,7.873402119,8.045152644,7.86436342,8.045152644,5001290,False
2019-01-15,7.927638531,8.045151768,7.864362563,7.900520743,3881365,False
2019-01-16,7.999955654,8.07227202,7.909560197,7.936678834,3497395,False
2019-01-17,7.972836494,8.063231956,7.954757402,8.008994679,2160183,False
2019-01-20,7.98187685,8.027073734,7.93667912,7.972836457,1650970,False
2019-01-21,8.569443703,8.569443703,7.909560246,7.954757128,14530725,False
2019-01-22,8.406732559,8.741194054,8.406732559,8.542324897,12949627,False
2019-01-23,8.515206337,8.55136452,8.415772181,8.442890818,5099382,False
2019-01-24,8.515206337,8.55136452,8.470009455,8.497127246,3059018,False
2019-01-27,8.940062523,9.202208504,8.831589667,9.039497527,19670222,False
2019-01-28,8.54232502,8.949102886,8.515206383,8.949102886,13657116,False
2019-01-29,8.524246216,8.686957198,8.397693418,8.587523038,9822446,False
2019-01-30,8.460969925,8.578483173,8.424811742,8.54232499,5170832,False
2019-01-31,8.460969925,8.695997267,8.433851288,8.442890833,9148664,False
2019-02-03,8.352496147,8.533286232,8.307299261,8.460970706,2907245,False
2019-02-04,8.207862854,8.406731998,8.180744219,8.406731998,4924529,False
2019-02-05,8.442891121,8.49712755,8.171706433,8.171706433,7793848,False
2019-02-06,8.379613876,8.479048031,8.361534785,8.470009332,2310438,False
2019-02-07,8.361535072,8.406732802,8.253061368,8.343455981,2454241,False
2019-02-10,8.361535072,8.397693256,8.325377736,8.38865371,1094303,False
2019-02-11,8.424812317,8.506168234,8.3434564,8.379614585,3839062,False
2019-02-12,8.488088608,8.569443673,8.388653604,8.415772242,4012350,False
2019-02-13,8.506167412,8.533285201,8.460969684,8.488088321,2350877,False
2019-02-14,8.506167412,8.686956628,8.506167412,8.623680656,6870361,False
2019-02-17,8.451930046,8.605601471,8.42481141,8.515206017,2478504,False
2019-02-18,8.406732559,8.506167561,8.397693014,8.470009379,2613367,False
2019-02-19,8.361535072,8.451930531,8.352495526,8.451930531,2386434,False
2019-02-20,8.316337585,8.379614409,8.280180248,8.379614409,2000154,False
2019-02-21,8.289219856,8.316337648,8.253061671,8.316337648,1397818,False
2019-02-24,8.289219856,8.379614472,8.271140764,8.289219856,2472480,False
2019-02-25,8.262101173,8.298259358,8.225942989,8.289219812,2191778,False
2019-02-26,8.370573997,8.379613543,8.162665304,8.253060756,3730844,False
2019-02-27,8.650798798,8.705036073,8.334416387,8.37057457,10463600,False
2019-02-28,8.605602264,8.705036426,8.56944408,8.705036426,4293488,False
2019-03-03,8.623681068,8.75927341,8.605601977,8.623681068,4561702,False
2019-03-04,8.903905869,8.940063208,8.659839807,8.6869576,8652455,False
2019-03-05,8.840628624,8.921983692,8.777352648,8.921983692,3783462,False
2019-03-06,8.759272575,8.831588936,8.686956215,8.831588936,3074471,False
2019-03-07,8.867747307,8.940061975,8.705035492,8.759272764,7953447,False
2019-03-10,8.804470062,8.976220583,8.786390971,8.903905065,4029352,False
2019-03-11,8.768311501,8.804469682,8.714075923,8.804469682,2143938,False
2019-03-12,8.813510895,8.876786871,8.686957249,8.78639141,2655211,False
2019-03-13,8.849668503,8.876786293,8.804469928,8.804469928,1906430,False
2019-03-14,9.111814499,9.220288209,8.849669347,8.858708047,10550755,False
2019-03-17,9.202208519,9.29260313,9.129892152,9.184129427,6663832,False
2019-03-18,9.401078224,9.43723641,9.238367237,9.274524575,7104526,False
2019-03-19,9.798815727,9.925369376,9.437236414,9.437236414,8044851,False
2019-03-20,10.10615826,10.10615826,9.545708944,9.798815385,8574738,False
2019-03-21,9.943447113,10.17847446,9.889210685,10.06999991,9543203,False
2019-03-24,9.943447113,10.10615809,9.871131593,9.907289776,5188555,False
2019-03-25,9.943447113,10.01576348,9.762657889,9.943447113,3873520,False
2019-03-26,9.816893578,9.961525454,9.780736244,9.889209939,3032304,False
2019-03-27,10.01576328,10.01576328,9.780736788,9.780736788,4464872,False
2019-03-28,9.979605675,10.21463303,9.979605675,10.12423757,4587272,False
2019-03-31,9.979605675,9.979605675,9.979605675,9.979605675,0,True
2019-04-01,9.889210701,9.943447129,9.798815242,9.907289793,2103564,False
2019-04-02,9.871130943,9.871130943,9.798814581,9.871130943,1573416,False
2019-04-03,9.63610363,9.889210052,9.581866358,9.871130961,4145268,False
2019-04-04,9.618024826,9.690341191,9.491472882,9.545708461,3576064,False
2019-04-07,9.545708656,9.654183205,9.437235801,9.618025022,3458263,False
2019-04-08,9.762658119,9.816894549,9.527631615,9.563788105,3912589,False
2019-04-09,9.889210701,9.943447129,9.780736997,9.816894334,3424945,False
2019-04-10,9.943447113,9.997684388,9.871131593,9.907289776,2868256,False
2019-04-11,9.925368309,9.997683825,9.853051946,9.943446553,3260732,False
2019-04-14,9.853053093,9.925369464,9.816894907,9.907290371,1825575,False
2019-04-15,9.871130943,9.925368215,9.816893672,9.853051853,1516751,False
2019-04-16,9.943447113,9.979605297,9.871131593,9.871131593,2465864,False
2019-04-17,9.780736923,9.997684329,9.63610419,9.979605238,8488286,False
2019-04-18,9.599946022,9.762657847,9.509552257,9.762657847,3666493,False
2019-04-21,9.816893578,9.853051758,9.545708069,9.61802443,3161135,False
2019-04-22,9.871130943,9.961525549,9.744578156,9.853051853,5593567,False
2019-04-23,9.798815727,9.907290283,9.762658389,9.81689482,2271175,False
2019-04-24,9.654183388,9.834973459,9.636104296,9.816894368,1769329,False
2019-04-25,9.762658119,9.780737211,9.545709013,9.672262658,2156486,False
2019-04-28,9.780736923,9.889210626,9.672262373,9.726499648,2735010,False
2019-04-29,9.925368309,9.979604734,9.726499158,9.78073643,4599714,False
2019-04-30,10.10615826,10.21463281,9.871131754,9.871131754,9383874,False
2019-05-01,10.34118462,10.34118462,10.08807902,10.10615812,6464174,False
2019-05-02,10.19655323,10.41350063,10.17847414,10.34118427,5372856,False
2019-05-05,9.997683525,10.19655267,9.889209831,10.19655267,4320638,False
2019-05-06,9.925368309,9.979604734,9.563787341,9.853051946,4978975,False
2019-05-07,10.12423706,10.17847434,9.76265777,9.925368747,5027490,False
2019-05-08,10.05192184,10.2688701,9.997684568,10.03384275,4461439,False
2019-05-09,10.03384304,10.21463312,9.943447577,10.08807947,4249930,False
2019-05-12,9.690340996,9.961525664,9.672261905,9.907289238,3770078,False
2019-05-13,9.129891396,9.636103379,9.039496792,9.636103379,5141105,False
2019-05-14,9.012378693,9.40107746,8.723114927,9.039497329,6114982,False
2019-05-15,9.292603493,9.34684077,9.057576986,9.057576986,3609011,False
2019-05-16,9.328761101,9.401077466,9.202208309,9.274523827,2497607,False
2019-05-19,9.05757618,9.364919028,9.030457543,9.202208058,2924239,False
2019-05-20,8.903905869,9.129892837,8.786391764,9.039498219,3955015,False
2019-05-21,9.129891396,9.147970486,8.885825373,8.903904463,2756328,False
2019-05-22,9.274524689,9.310682875,9.129892792,9.202209164,3719910,False
2019-05-23,9.05757618,9.23836624,9.030457543,9.23836624,2581960,False
2019-05-26,9.003338814,9.075655176,8.840627846,9.057576085,1361594,False
2019-05-27,9.220287323,9.256445505,8.967181742,9.039497259,2107142,False
2019-05-28,9.708420753,9.708420753,9.021418644,9.274524239,5896283,False
2019-05-29,9.491473198,9.636104238,9.292603189,9.437235923,2764987,False
2019-05-30,9.690340996,9.889210147,9.527630873,9.581866451,5133817,False
2019-06-02,9.690340996,9.889210147,9.527630873,9.581866451,5133817,False
2019-06-03,9.690340996,9.889210147,9.527630873,9.581866451,5133817,False
2019-06-04,9.690340996,9.690340996,9.690340996,9.690340996,0,True
2019-06-05,9.690340996,9.690340996,9.690340996,9.690340996,0,True
2019-06-06,9.690340996,9.690340996,9.690340996,9.690340996,0,True
2019-06-09,9.889210701,9.943447129,9.690341538,9.780736997,1953508,False
2019-06-10,10.0880785,10.19655304,9.889210193,9.907289284,6494497,False
2019-06-11,10.75700092,10.77508001,10.05192065,10.10615707,7790584,False
2019-06-12,10.70276546,10.91971287,10.57621267,10.75700189,6337434,False
2019-06-13,10.48581696,10.73892338,10.46773786,10.61236975,4101393,False
2019-06-16,10.70276546,10.75700189,10.57621267,10.57621267,3487573,False
2019-06-17,11.11858273,11.15473921,10.75700175,10.79315993,9880236,False
2019-06-18,11.20897675,11.24513493,10.97395025,11.11858298,3901778,False
2019-06-19,11.02818775,11.24513516,11.01010866,11.20897698,2730662,False
2019-06-20,11.13666058,11.31745064,10.95587052,11.02818688,8426313,False
2019-06-23,11.42592525,11.64287351,11.26321427,11.46208344,5708436,False
2019-06-24,10.6666069,10.93779157,10.6666069,10.84739697,9768886,False
2019-06-25,10.82931805,10.88355447,10.59429071,10.68468616,3961019,False
2019-06-26,10.79316044,10.91971324,10.75700225,10.84739772,4245503,False
2019-06-27,10.8473978,10.86547605,10.7389241,10.77508143,3577887,False
2019-06-30,11.29937267,11.44400457,10.93779252,10.93779252,7400953,False
2019-07-01,11.53439903,11.60671455,11.28129261,11.31745079,5076976,False
2019-07-02,11.55247974,11.66095261,11.407847,11.55247974,3951705,False
2019-07-03,11.48016262,11.60671542,11.37168891,11.48016262,2678444,False
2019-07-04,11.46208382,11.53440019,11.31745192,11.31745192,1226472,False
2019-07-07,11.57055664,11.58863573,11.44400385,11.5343993,2108335,False
2019-07-08,11.53439903,11.58863546,11.42592449,11.57055637,1945917,False
2019-07-09,11.84174252,11.84174252,11.57055698,11.57055698,6339246,False
2019-07-10,11.84174252,12.00445265,11.82366342,11.84174252,3729537,False
2019-07-11,11.80558395,11.93213675,11.80558395,11.84174214,2497971,False
2019-07-14,12.18524265,12.20332174,11.87790063,11.93213706,8569386,False
2019-07-15,12.1671648,12.23948033,12.09484843,12.20332214,3192798,False
2019-07-16,12.11292648,12.16716376,12.05868921,12.16716376,1682489,False
2019-07-17,12.61913967,12.63721876,12.04061125,12.09484853,6968966,False
2019-07-18,12.65529728,12.8360865,12.54682273,12.60106,4763452,False
2019-07-21,12.25755882,12.56490168,12.04061057,12.56490168,3507199,False
2019-07-22,12.32987499,12.47450603,12.23947954,12.38411142,2558579,False
2019-07-23,12.05869007,12.3479547,12.04061098,12.25755924,1336591,False
2019-07-24,12.11292648,12.25755836,12.00445194,12.00445194,1579133,False
2019-07-25,12.18524265,12.2937172,12.07676895,12.13100622,2349882,False
2019-07-28,12.83608627,12.83608627,12.07676867,12.07676867,2929655,False
2019-07-29,12.78184986,13.0711145,12.76377162,12.85416623,5716452,False
2019-07-30,12.85416508,13.05303423,12.69145495,12.69145495,2992146,False
2019-07-31,12.78184986,12.94456169,12.78184986,12.89032442,2845423,False
2019-08-01,12.65529728,12.8360865,12.58298091,12.78184923,2283768,False
2019-08-04,12.67337608,12.69145517,12.49258517,12.6372179,1465525,False
2019-08-05,12.63721752,12.76377031,12.56490116,12.69145479,1852998,False
2019-08-06,12.52874374,12.58298102,12.36603361,12.49258556,2556308,False
2019-08-07,12.67337608,12.70953342,12.54682244,12.54682244,2284213,False
2019-08-08,12.65529728,12.69145546,12.56490182,12.63721819,1449204,False
2019-08-11,12.65529728,12.65529728,12.65529728,12.65529728,0,True
2019-08-12,12.65529728,12.65529728,12.65529728,12.65529728,0,True
2019-08-13,12.65529728,12.65529728,12.65529728,12.65529728,0,True
2019-08-14,12.65529728,12.65529728,12.65529728,12.65529728,0,True
2019-08-15,12.65529728,12.65529728,12.65529728,12.65529728,0,True
2019-08-18,12.65529728,12.81800741,12.6191391,12.65529728,1975375,False
2019-08-19,12.56490135,12.81800693,12.40219038,12.69145499,4441598,False
2019-08-20,11.48016262,12.65529769,11.44400444,12.65529769,8241433,False
2019-08-21,10.70276546,11.44400398,10.66660728,11.44400398,13451981,False
2019-08-22,10.79316044,10.93779233,10.63044946,10.73892401,7351505,False
2019-08-25,10.44965839,10.66660663,10.39542112,10.59429027,5469702,False
2019-08-26,10.99203014,11.04626742,10.26887066,10.44965989,8276506,False
2019-08-27,11.13666058,11.29937155,10.91971233,11.13666058,7044310,False
2019-08-28,10.81123924,11.06434568,10.77508106,11.06434568,4433489,False
2019-08-29,10.59429073,10.84739716,10.59429073,10.7750808,3167512,False
2019-09-01,10.86547565,10.90163384,10.43158,10.61237007,2542812,False
2019-09-02,10.93779182,11.08242456,10.75700176,10.81123903,2598930,False
2019-09-03,10.88355446,11.02818719,10.86547537,10.95587082,1385981,False
2019-09-04,11.24513531,11.24513531,10.91971334,10.91971334,3204549,False
2019-09-05,11.46208382,11.57055753,11.26321464,11.28129374,5247400,False
2019-09-08,11.6067152,11.64287339,11.4982415,11.4982415,2310320,False
2019-09-09,11.53439903,11.58863546,11.42592449,11.58863546,1339059,False
2019-09-10,11.31745052,11.55247785,11.19089689,11.53439876,2547364,False
2019-09-11,11.20897675,11.28129311,10.93779206,11.19089765,1710095,False
2019-09-12,11.13666058,11.33552973,11.13666058,11.28129245,887920,False
2019-09-15,11.01010799,11.11858254,10.77508066,10.84739702,990450,False
2019-09-16,10.99203014,11.1005047,10.79316097,11.04626742,1521415,False
2019-09-17,10.8473978,11.02818788,10.81123962,10.90163423,1362979,False
2019-09-18,10.77508068,10.97394984,10.75700159,10.95587074,1828457,False
2019-09-19,10.86547565,10.86547565,10.59429097,10.77508104,6146022,False
2019-09-22,10.79316044,10.86547596,10.75700225,10.82931862,2022544,False
2019-09-24,10.99203014,11.01010924,10.81124006,10.81124006,2171951,False
2019-09-25,10.81123924,11.0281875,10.81123924,10.99202931,1812540,False
2019-09-26,10.81123924,10.90163385,10.77508106,10.82931833,873813,False
2019-09-29,10.82931805,10.90163356,10.77508077,10.82931805,1526059,False
2019-09-30,10.82931805,10.97394993,10.81123896,10.84739714,1555558,False
2019-10-01,10.75700092,10.88355371,10.73892268,10.82931728,1565476,False
2019-10-02,10.6666069,10.7750806,10.63044872,10.7750806,1608438,False
2019-10-03,10.82931805,10.91971266,10.55813337,10.59429071,2302460,False
2019-10-06,11.08242512,11.19089798,10.8835551,10.8835551,3751891,False
2019-10-07,11.28129292,11.57055668,11.20897655,11.20897655,6848128,False
2019-10-08,11.11858273,11.28129285,11.04626636,11.20897649,3197415,False
2019-10-09,11.20897675,11.40784591,11.10050389,11.11858298,3902089,False
2019-10-10,11.22705555,11.29937191,11.08242451,11.20897646,1633280,False
2019-10-13,10.8473978,11.31745166,10.8473978,11.15473983,2320757,False
2019-10-14,10.99203014,11.06434652,10.86547649,10.90163468,1634304,False
2019-10-15,10.95587063,11.06434517,10.88355426,10.95587063,1820374,False
2019-10-16,10.82931805,10.97394993,10.66660707,10.97394993,2113711,False
2019-10-17,10.8473978,10.90163423,10.70276591,10.88355514,1967007,False
2019-10-20,11.06434441,11.11858167,10.97394896,11.01010714,2043603,False
2019-10-21,11.42592525,11.51632072,11.08242504,11.15473972,8610705,False
2019-10-22,11.55247974,11.55247974,11.245136,11.407847,5046685,False
2019-10-23,11.95021629,11.98637363,11.44400426,11.48016244,6707007,False
2019-10-24,12.00445175,12.0948472,11.85982072,11.96829357,4197177,False
2019-10-27,11.58863544,11.84174187,11.48016175,11.60671454,6197415,False
2019-10-28,11.19089699,11.58863529,11.13666056,11.58863529,6065277,False
2019-10-29,10.82931805,11.06434539,10.72084435,11.04626629,4655625,False
2019-10-30,10.99203014,11.06434652,10.79316097,10.86547649,3381667,False
2019-10-31,10.90163422,11.04626695,10.84739779,11.02818786,2375500,False
2019-11-03,10.73892403,10.81123955,10.61237038,10.75700227,2425052,False
2019-11-04,10.81123924,10.81123924,10.66660736,10.73892372,3612090,False
2019-11-05,10.81123924,10.90163385,10.79316015,10.82931833,1617741,False
2019-11-06,10.6666069,10.81123878,10.59429054,10.81123878,2430437,False
2019-11-07,10.55813313,10.7208441,10.52197494,10.66660682,2834173,False
2019-11-10,10.68468571,10.72084389,10.57621201,10.57621201,1534138,False
2019-11-11,10.6304493,10.75700209,10.6123702,10.64852839,1404535,False
2019-11-12,10.68468571,10.72084389,10.61236935,10.63044844,2364542,False
2019-11-13,10.57621193,10.75700114,10.52197466,10.70276471,3162528,False
2019-11-14,10.43157959,10.63044874,10.37734232,10.63044874,3620096,False
2019-11-17,10.59429073,10.61236982,10.21463236,10.43157976,1980296,False
2019-11-18,10.61237049,10.64852868,10.54005497,10.61237049,1478951,False
2019-11-19,10.48581696,10.61236975,10.46773786,10.61236975,2788549,False
2019-11-20,10.44965839,10.57621203,10.44965839,10.55813294,2444244,False
2019-11-21,10.39542103,10.50389557,10.39542103,10.48581648,2465370,False
2019-11-24,10.2688694,10.43157952,10.23271122,10.37734225,1633345,False
2019-11-25,10.17847443,10.30502807,10.08807897,10.2327117,2708142,False
2019-11-26,9.943447113,10.16039537,9.943447113,10.16039537,1880245,False
2019-11-27,9.834972382,10.06999886,9.834972382,9.961525164,2333319,False
2019-11-28,9.925368309,9.943446553,9.816893765,9.925368309,822084,False
2019-12-01,10.34118462,10.34118462,9.943447137,9.943447137,1793347,False
2019-12-02,10.16039562,10.41350122,10.14231653,10.37734304,1452933,False
2019-12-03,9.979605675,10.25079121,9.961526582,10.21463303,1440831,False
2019-12-04,10.0880785,10.0880785,9.979604801,10.06999941,1380594,False
2019-12-05,10.03384304,10.08807947,9.997684855,10.08807947,833059,False
2019-12-08,10.16039562,10.19655381,10.05192192,10.08807925,1499677,False
2019-12-09,9.979605675,10.19655394,9.961526582,10.14231666,3158995,False
2019-12-10,9.816893578,9.943446363,9.762657153,9.943446363,2429696,False
2019-12-11,9.961525917,10.05192137,9.853052217,9.853052217,2233738,False
2019-12-12,9.798815727,9.9976849,9.780737481,9.961526714,2329739,False
2019-12-15,10.12423706,10.14231615,9.816894198,9.889210564,1724348,False
2019-12-16,10.21463203,10.23271112,10.12423658,10.14231567,2261456,False
2019-12-17,10.12423706,10.23271161,10.08807888,10.23271161,1644050,False
2019-12-18,10.19655323,10.2507905,10.12423687,10.17847414,1375875,False
2019-12-19,10.39542103,10.41350012,10.08807819,10.17847364,4292580,False
2019-12-22,10.61237049,10.64852868,10.37734314,10.44965951,2526705,False
2019-12-23,10.57621193,10.66660653,10.48581648,10.57621193,3156399,False
2019-12-24,10.70276546,10.75700189,10.55813358,10.57621267,3383234,False
2019-12-25,10.57621193,10.77508023,10.55813284,10.70276471,2072656,False
2019-12-26,10.61237049,10.63044958,10.52197588,10.57621315,929421,False
2019-12-29,10.6304493,10.64852839,10.57621287,10.6304493,1603704,False
2019-12-30,10.6666069,10.72084418,10.59429054,10.61236963,1661497,False
2019-12-31,10.61237049,10.66660777,10.4677386,10.61237049,1955717,False
2020-01-01,10.6304493,10.66660748,10.57621287,10.59429111,1045048,False
2020-01-02,10.70276546,10.72084456,10.57621267,10.6304491,2329013,False
2020-01-05,10.41350174,10.55813448,10.30502887,10.30502887,2718940,False
2020-01-06,10.41350174,10.48581811,10.26887069,10.39542265,1676071,False
2020-01-07,10.46773815,10.61237004,10.44965906,10.46773815,1228255,False
2020-01-08,10.19655323,10.35926336,10.03384226,10.05192135,1977924,False
2020-01-09,10.39542103,10.48581648,10.30502727,10.30502727,2048980,False
2020-01-12,10.91971302,10.93779211,10.41350099,10.41350099,6521930,False
2020-01-13,10.91971302,11.02818757,10.90163393,10.9739503,5042839,False
2020-01-14,10.86547565,10.9920293,10.86547565,10.91971293,2871472,False
2020-01-15,10.86547565,10.95587111,10.82931832,10.86547565,2844769,False
2020-01-16,10.75700092,10.9016328,10.64852723,10.88355371,3206834,False
2020-01-19,11.06434441,11.15473816,10.75700073,10.811238,5069184,False
2020-01-20,11.42592525,11.49824162,11.02818777,11.10050414,6161235,False
2020-01-21,11.44400311,11.55247765,11.42592401,11.48016129,2832739,False
2020-01-22,11.13666058,11.4801616,11.10050324,11.42592433,2637597,False
2020-01-23,11.20897675,11.37168857,10.8654757,11.10050389,3220507,False
2020-01-26,11.44400311,11.55247765,11.10050293,11.20897578,2502417,False
2020-01-27,11.11858273,11.44400383,11.08242454,11.44400383,2332388,False
2020-01-28,11.26321411,11.37168866,11.01010852,11.08242489,3153913,False
2020-01-29,11.31745052,11.40784513,11.29937143,11.33552961,1538356,False
2020-01-30,11.69710922,11.7332674,11.29937176,11.33552994,6574891,False
2020-02-02,11.6067152,11.75134709,11.53439968,11.66095163,4294294,False
2020-02-03,11.53439903,11.66095098,11.51631994,11.60671455,2592520,False
2020-02-04,11.84174252,11.84174252,11.51632056,11.57055698,2363995,False
2020-02-05,11.51632023,12.00445231,11.51632023,11.93213679,6472878,False
2020-02-06,11.08242512,11.57055722,10.93779238,11.53439988,4730702,False
2020-02-09,10.99203014,11.13666204,10.81124006,11.08242561,2447485,False
2020-02-10,10.93779182,11.11858274,10.90163364,11.01010819,2076319,False
2020-02-11,9.853053093,10.61237076,9.853053093,10.39542249,10645014,False
2020-02-12,9.166049957,9.65418287,9.039497168,9.599945598,11233510,False
2020-02-13,9.491473198,9.672262422,9.166050393,9.184129485,6299379,False
2020-02-16,9.491473198,9.491473198,9.491473198,9.491473198,0,True
2020-02-17,9.382998466,9.401077558,9.29260301,9.310682101,1327581,False
2020-02-18,9.708420753,9.708420753,9.328761515,9.382998791,3790368,False
2020-02-19,9.943447113,10.03384257,9.690341522,9.762657889,3481093,False
2020-02-20,10.16039562,10.26887018,10.01576373,10.03384282,3008339,False
2020-02-23,10.17847443,10.21463261,10.01576345,10.14231624,2142131,False
2020-02-24,9.672263145,10.1965543,9.473394815,10.1965543,5148536,False
2020-02-25,9.654183388,9.744578847,9.34684052,9.563787929,3148589,False
2020-02-26,9.491473198,9.726499697,9.455315014,9.491473198,2929601,False
2020-02-27,9.491473198,9.491473198,9.491473198,9.491473198,0,True
2020-03-01,8.985261917,9.075656536,8.849669565,8.949103731,2506699,False
2020-03-02,9.021418571,9.274524164,9.021418571,9.111814031,2844077,False
2020-03-03,9.220287323,9.274523749,9.16605005,9.202208232,1944262,False
2020-03-04,9.220287323,9.220287323,9.220287323,9.220287323,0,True
2020-03-05,9.310681343,9.636103268,9.310681343,9.563786908,2212605,False
2020-03-08,8.379613876,8.994299589,8.379613876,8.858707252,5305810,False
2020-03-09,7.773967743,7.873401898,7.547979949,7.547979949,4203637,False
2020-03-10,8.524246216,8.551364854,8.063231907,8.280180166,4248806,False
2020-03-11,8.216902733,8.650798372,8.099389489,8.560403764,4772271,False
2020-03-12,8.063231468,8.316337051,7.593177639,7.954756921,3896459,False
2020-03-15,8.162666321,8.37057504,8.090350797,8.325378155,2679845,False
2020-03-16,8.253061295,8.397693181,7.954757129,8.135548046,3953047,False
2020-03-17,8.280179977,8.361535043,8.180744973,8.198824065,3675522,False
2020-03-18,8.11746788,8.352494347,8.045151523,8.225941569,3647860,False
2020-03-19,8.135548592,8.32537822,8.054193521,8.081311313,4651838,False
2020-03-22,8.189785004,8.253060975,8.099389549,8.135547731,1842040,False
2020-03-23,7.972836494,8.162666116,7.927639611,8.153627417,1842474,False
2020-03-24,8.1717062,8.216903082,8.06323165,8.06323165,2821396,False
2020-03-25,8.153627396,8.406732993,8.099390119,8.307298833,4201031,False
2020-03-26,8.189785004,8.253060975,8.171705913,8.189785004,1778108,False
2020-03-29,8.153627396,8.225942918,8.045152842,8.117469211,1093106,False
2020-03-30,8.225943565,8.225943565,8.135548944,8.207864472,1394614,False
2020-03-31,8.578482628,8.596561718,8.244021151,8.244021151,4565718,False
2020-04-01,8.804470062,8.949102793,8.479048112,8.497127203,3383388,False
2020-04-02,8.858707428,9.039497496,8.840628336,8.885826065,2520855,False
2020-04-05,8.876786232,9.039497204,8.813510261,9.039497204,1924033,False
2020-04-06,8.940062523,8.967182007,8.840628366,8.903905187,1307117,False
2020-04-07,9.816893578,9.816893578,8.976220109,8.976220109,5553957,False
2020-04-08,9.925368309,10.34118401,9.708420067,10.12423661,13595885,False
2020-04-09,9.780736923,10.0519216,9.74457874,9.92536881,3892857,False
2020-04-12,9.871130943,10.03384191,9.726499066,9.798814581,6434162,False
2020-04-13,9.997683525,10.25078994,9.83497256,9.979604435,7688662,False
2020-04-14,10.21463203,10.23271112,9.961525612,10.05192107,4376621,False
2020-04-15,10.30502701,10.55813257,10.21463156,10.30502701,9717947,False
2020-04-16,10.14231586,10.43157963,10.12423677,10.30502768,5805240,False
2020-04-19,10.0880785,10.26886941,9.979604801,10.17847395,3793131,False
2020-04-20,9.834972382,10.06999886,9.726498689,10.03384152,6856309,False
2020-04-21,9.961525917,10.14231598,9.708420334,9.726499425,8502535,False
2020-04-22,10.34118462,10.39542189,9.925368892,9.961526229,6652844,False
2020-04-23,10.30502701,10.48581621,10.23271065,10.44965803,6646264,False
2020-04-26,10.54005432,10.59429075,10.3773425,10.39542159,4575014,False
2020-04-27,10.61237049,10.73892414,10.4677386,10.54005497,6402601,False
2020-04-28,10.86547565,10.90163384,10.57621273,10.59429097,8437451,False
2020-04-29,10.97394943,11.06434488,10.81123847,10.93779125,5842391,False
2020-04-30,11.02818775,11.04626684,10.9197132,10.99202957,4141488,False
2020-05-03,9.925368309,9.979604734,9.925368309,9.943446553,4268377,False
2020-05-04,9.202208519,9.437235863,8.94910293,8.94910293,19029309,False
2020-05-05,9.708420753,9.780737122,9.346840607,9.419156975,8923081,False
2020-05-06,9.527630806,9.907289169,9.491472625,9.853051897,5155410,False
2020-05-07,9.455314636,9.563787489,9.419156454,9.527631,3193942,False
2020-05-10,9.382998466,9.581866778,9.346840284,9.527631198,2432739,False
2020-05-11,9.274524689,9.34684106,8.768312628,8.912945371,3724914,False
2020-05-12,9.310681343,9.419155883,9.25644492,9.328760433,2105997,False
2020-05-13,9.491473198,9.545708779,9.364919556,9.364919556,2595213,False
2020-05-14,9.401078224,9.527631873,9.346840946,9.527631873,1608211,False
2020-05-17,9.419157028,9.563788071,9.419157028,9.491473397,2052551,False
2020-05-18,9.455314636,9.618024762,9.437235545,9.437235545,3412398,False
2020-05-19,9.599946022,9.618025114,9.491473166,9.545708747,4344991,False
2020-05-20,9.708420753,9.816894459,9.545708925,9.599946201,3224858,False
2020-05-21,9.708420753,9.76265803,9.654183477,9.76265803,1759715,False
2020-05-31,9.943447113,10.05192166,9.798815226,9.979605297,4356190,False
2020-06-01,10.01576328,10.17847426,9.871131398,9.943446917,5602974,False
2020-06-02,9.889210701,10.1242372,9.871131609,10.06999993,4118964,False
2020-06-03,9.726499557,9.943446962,9.690341375,9.889210534,3490303,False
2020-06-04,9.708420753,9.853052643,9.581867109,9.708420753,4184880,False
2020-06-07,10.03384304,10.08807947,9.762658345,9.834973869,8394704,False
2020-06-08,10.05192184,10.16039555,10.03384275,10.10615827,6359005,False
2020-06-09,10.35926342,10.50389615,9.979605043,10.06999965,10583414,False
2020-06-10,10.35926342,10.52197524,10.26886966,10.3954216,6443404,False
2020-06-11,10.6304493,10.64852839,10.30502818,10.34118467,8586705,False
2020-06-14,10.6304493,10.79316028,10.54005468,10.57621287,6193825,False
2020-06-15,10.39542103,10.59429017,10.34118376,10.57621193,5154820,False
2020-06-16,10.57621193,10.61236926,10.39542103,10.48581648,5654766,False
2020-06-17,10.43157959,10.63044874,10.35926323,10.57621232,5194353,False
2020-06-18,10.34118462,10.43158008,10.32310722,10.41350098,4551842,False
2020-06-21,10.39542103,10.54005375,10.32310636,10.39542103,5929473,False
2020-06-22,10.10615826,10.4858175,10.07000007,10.39542204,5306203,False
2020-06-23,10.10615826,10.17847462,9.92536903,10.12423735,4133321,False
2020-06-24,9.997683525,10.1423154,9.979604435,10.10615722,3336740,False
2020-06-25,10.01576328,10.0880788,9.798815033,9.907289581,2862775,False
2020-06-28,9.979605675,10.07000029,9.925369244,9.979605675,2252599,False
2020-06-29,10.10615826,10.12423735,9.943447275,9.997684551,3660658,False
2020-06-30,10.2507906,10.48581709,10.12423696,10.14231605,9411409,False
2020-07-01,10.6304493,10.6304493,10.25079091,10.28694909,10454403,False
2020-07-02,10.75700092,10.88355371,10.7027645,10.73892268,11140600,False
2020-07-05,10.79316044,10.91971324,10.77508135,10.82931862,5527442,False
2020-07-06,10.61237049,10.82931875,10.57621315,10.82931875,5701023,False
2020-07-07,10.81123924,10.86547567,10.61237008,10.63044917,8654394,False
2020-07-08,11.22705555,11.29937191,10.70276529,10.81123899,19042480,False
2020-07-09,11.11858273,11.33553013,11.10050363,11.26321376,8902685,False
2020-07-12,11.20897675,11.37168857,11.0824248,11.11858298,7985142,False
2020-07-13,11.08242512,11.35360981,11.04626693,11.20897707,4779281,False
2020-07-14,10.55813313,10.64852773,10.26886937,10.39542131,16776946,False
2020-07-15,10.6485281,10.73892356,10.5400544,10.61236992,6982829,False
2020-07-16,10.55813313,10.66660682,10.54005403,10.64852773,2651521,False
2020-07-19,10.55813313,10.59429046,10.46773767,10.57621222,2525541,False
2020-07-20,10.19655323,10.485817,9.7264994,10.44965881,7327530,False
2020-07-21,10.30502701,10.37734167,10.19655247,10.30502701,3712398,False
2020-07-22,10.28694916,10.37734292,10.25079097,10.34118474,1996998,False
2020-07-23,10.16039562,10.28694927,10.14231653,10.25079108,1634804,False
2020-07-26,10.06999969,10.16039515,9.997684176,10.16039515,1581074,False
2020-07-27,10.2688694,10.30502758,10.03384207,10.0699994,3473645,False
2020-07-28,10.23271179,10.32310725,10.19655361,10.28694907,2881856,False
2020-08-05,10.28694916,10.35926383,10.23271188,10.28694916,2588180,False
2020-08-06,10.28694916,10.41350111,10.26887007,10.30502825,2977664,False
2020-08-09,10.34118462,10.34118462,10.25079085,10.28694903,1682006,False
2020-08-10,10.30502701,10.39542076,10.28694792,10.35926258,1461837,False
2020-08-11,10.48581696,10.54005423,10.26886956,10.30502774,5224459,False
2020-08-12,10.54005432,10.64852802,10.46773796,10.50389614,6418881,False
2020-08-13,10.54005432,10.54005432,10.54005432,10.54005432,0,True
2020-08-16,10.48581696,10.63044884,10.46773786,10.61236975,3551566,False
2020-08-17,10.34118462,10.52197553,10.30502813,10.52197553,3759376,False
2020-08-18,10.41350174,10.41350174,10.30502887,10.34118537,2622876,False
2020-08-19,10.82931805,10.82931805,10.37734246,10.41350064,16041556,False
2020-08-20,10.75700092,10.95587007,10.7027645,10.82931728,10123447,False
2020-08-23,10.72084522,10.79316075,10.66660794,10.77508165,4798066,False
2020-08-24,10.73892403,10.86547598,10.66660766,10.75700227,6255531,False
2020-08-25,10.68468571,10.86547492,10.66660662,10.77508031,4924735,False
2020-08-26,10.6485281,10.70276537,10.5400544,10.66660719,4725772,False
2020-08-27,10.61237049,10.73892414,10.5942914,10.64852868,4077154,False
2020-08-30,10.59429073,10.75700171,10.57621249,10.6666071,7071840,False
2020-08-31,10.55813313,10.63044864,10.48581676,10.61236955,4932476,False
2020-09-01,10.55813313,10.68468591,10.50389585,10.52197494,4809393,False
2020-09-02,10.6485281,10.68468628,10.44965894,10.55813349,4727517,False
2020-09-03,10.57621193,10.7208438,10.55813284,10.68468562,4958809,False
2020-09-06,10.79316044,10.88355505,10.54005484,10.55813393,13288691,False
2020-09-07,10.81123924,10.95587113,10.81123924,10.82931833,6942368,False
2020-09-08,10.79316044,10.90163414,10.77508135,10.81123953,5821824,False
2020-09-09,11.78750515,11.85982152,10.6485283,10.68468648,29503713,False
2020-09-10,11.64287281,12.09484755,11.57055645,11.84174196,24539392,False
2020-09-13,11.48016262,12.18524298,11.42592534,12.11292746,17369337,False
2020-09-14,11.10050392,11.48016231,10.86547573,11.48016231,17780882,False
2020-09-15,11.33553028,11.48016217,10.95587105,11.08242469,14894440,False
2020-09-16,11.17281914,11.4078465,11.08242537,11.35361006,8306023,False
2020-09-17,11.20897675,11.2993722,11.0824248,11.15473947,4842566,False
2020-09-20,11.15473938,11.3174512,11.15473938,11.29937211,3403920,False
2020-09-21,11.01010799,11.19089721,10.9920289,11.17281812,5593571,False
2020-09-22,10.97394943,11.0281867,10.86547489,10.91971216,4016668,False
2020-09-24,11.24513531,11.24513531,10.81123963,10.95587152,8250522,False
2020-09-27,11.53439903,11.57055637,11.19089715,11.28129261,11042875,False
2020-09-28,11.4078455,11.69710926,11.37168816,11.51632004,9766759,False
2020-09-29,12.29371738,12.43834927,11.38976702,11.55247884,41045711,False
2020-09-30,12.25755882,12.63721805,12.20332155,12.32987519,22132274,False
2020-10-01,12.13100624,12.63721827,11.93213708,12.29371722,13443240,False
2020-10-04,11.75134659,12.31179587,11.7332675,12.11292672,7373305,False
2020-10-05,11.82366276,11.91405737,11.57055633,11.80558367,8493775,False
2020-10-06,11.91405773,12.23947968,11.82366312,11.93213682,11944904,False
2020-10-07,11.58863544,11.91405739,11.48016175,11.7875046,12347042,False
2020-10-08,11.35360909,11.67903018,11.24513454,11.58863558,12377535,False
2020-10-11,11.35360909,11.35360909,11.35360909,11.35360909,0,True
2020-10-12,11.35360909,11.35360909,11.35360909,11.35360909,0,True
2020-10-13,11.34464264,11.58098857,11.12219732,11.35854494,14161827,False
2020-10-14,12.27612591,12.27612591,11.12219747,11.31683649,19370728,False
2020-10-15,13.49779797,13.49779797,12.69858657,12.76962755,20396381,False
2020-10-18,12.84066772,13.49779713,12.7163456,13.42675616,12371054,False
2020-10-19,12.21905899,12.78738676,12.04145656,12.69858597,12731252,False
2020-10-20,12.13025761,12.16577809,11.91713469,12.05921663,5622887,False
2020-10-21,12.21905899,12.32562045,12.07697705,12.14801802,6735487,False
2020-10-22,11.84609318,12.23681851,11.75729154,12.16577754,5128386,False
2020-10-25,10.81599808,11.81057249,10.74495711,11.72177085,8890040,False
2020-10-26,11.43760777,11.63297087,10.63839554,10.83375864,12741387,False
2020-10-27,11.20672417,11.61521019,11.10016271,11.54416921,5987896,False
2020-10-28,10.95808029,11.20672369,10.88703932,11.18896387,4149728,False
2020-10-29,10.94032001,11.84609369,10.67391679,10.67391679,16749077,False
2020-11-01,11.10016251,11.50864852,10.99360105,11.11792317,7650133,False
2020-11-02,11.11792278,11.24224406,10.99360066,11.10016212,5604095,False
2020-11-03,11.01136112,11.11792343,10.95808082,11.10016276,3628819,False
2020-11-04,11.10016251,11.26000512,11.02912153,11.02912153,3959108,False
2020-11-05,11.01136112,11.11792343,10.83375869,11.11792343,3209669,False
2020-11-08,11.04688168,11.1179235,10.94032021,10.94032021,4461384,False
2020-11-09,11.29552555,11.47312798,10.92256002,11.01136082,7285015,False
2020-11-10,11.47312832,11.65073075,11.34880619,11.50864881,8824422,False
2020-11-11,11.75729179,11.77505246,11.38432627,11.54416888,9270619,False
2020-11-12,11.56192875,11.75729098,11.47312712,11.75729098,4804822,False
2020-11-15,11.65073109,11.73953273,11.54416962,11.6152106,4605022,False
2020-11-16,11.47312832,11.66849142,11.45536765,11.66849142,3294165,False
2020-11-17,11.38432598,11.54416859,11.38432598,11.5086481,4163158,False
2020-11-18,11.3310461,11.3310461,10.94031991,11.24224447,21876909,False
2020-11-19,11.47312832,11.66849142,11.3132857,11.34880619,28013074,False
2020-11-22,11.45536804,11.63297133,11.34880658,11.56193035,15825299,False
2020-11-23,11.41984749,11.47312864,11.24224505,11.43760816,9735717,False
2020-11-24,11.93489456,12.0236962,11.36656677,11.43760775,31573711,False
2020-11-25,11.81057262,12.00593571,11.77505214,11.95265456,19973401,False
2020-11-26,11.86385441,11.86385441,11.59745116,11.65073147,13093017,False
2020-11-29,11.8283329,11.97041485,11.79281241,11.97041485,7865520,False
2020-11-30,12.09473705,12.09473705,11.7040117,11.77505268,23694734,False
2020-12-01,12.16577816,12.2545798,11.97041506,12.0592167,11830709,False
2020-12-02,11.97041512,12.21905937,11.88161432,12.16577822,7612285,False
2020-12-03,11.89937401,12.16577808,11.86385352,11.95265516,9119991,False
2020-12-06,11.50864887,12.00593654,11.49088821,11.95265539,8068744,False
2020-12-07,11.88161469,11.91713517,11.52640896,11.57969011,13141823,False
2020-12-08,11.81057262,11.97041438,11.59744972,11.86385293,9646082,False
2020-12-09,11.88161469,11.95265566,11.75729255,11.8460942,8263666,False
2020-12-10,12.0592165,12.0592165,11.8105731,11.8638534,10598378,False
2020-12-13,12.04145622,12.13025701,11.89937344,12.00593574,7639997,False
2020-12-14,12.04145622,12.13025701,11.93489392,12.05921604,13425930,False
2020-12-15,11.98817539,12.04145654,11.88161393,12.04145654,12081701,False
2020-12-16,12.23681927,12.23681927,11.91713488,12.02369634,21015788,False
2020-12-17,12.18353844,12.39666135,12.18353844,12.20129826,20361929,False
2020-12-20,11.93489456,12.27233961,11.88161426,12.23681912,12319663,False
2020-12-21,11.66849136,11.81057331,11.50864875,11.70401185,16286168,False
2020-12-22,11.89937401,11.93489449,11.68625109,11.68625109,11331426,False
2020-12-23,11.88161469,11.95265566,11.79281304,11.86385402,7260642,False
2020-12-24,11.91713428,12.05921623,11.79281216,11.8816138,11428442,False
2020-12-27,12.3611412,12.50322315,11.9171347,11.95265519,28939315,False
2020-12-28,12.25457859,12.46770149,12.14801714,12.39666052,14154382,False
2020-12-29,12.32562065,12.36114114,12.07697725,12.25457968,10753553,False
2020-12-30,12.18353844,12.3433802,12.11249747,12.3433802,6888825,False
2020-12-31,12.07697678,12.20129805,12.07697678,12.18353823,5740221,False
2021-01-03,11.97041512,12.09473724,11.86385365,12.04145694,8653398,False
2021-01-04,12.23681927,12.27233975,11.97041519,12.04145701,10739865,False
2021-01-05,12.18353844,12.25457941,12.05921631,12.25457941,7920705,False
2021-01-06,12.16577816,12.21905931,12.07697737,12.18353883,5663842,False
2021-01-07,12.18353844,12.27233923,12.11249747,12.16577777,8139728,False
2021-01-10,12.37890148,12.43218264,12.23681953,12.2545802,16225963,False
2021-01-11,12.32562065,12.39666162,12.29010016,12.34338047,8215089,False
2021-01-12,12.37890148,12.37890148,12.2545802,12.32562117,6103208,False
2021-01-13,12.27233887,12.41442081,12.23681838,12.39666099,8399328,False
2021-01-14,12.18353844,12.27233923,12.13025728,12.25457941,6108612,False
2021-01-17,12.0592165,12.13025747,12.00593619,12.13025747,5155983,False
2021-01-18,12.16577816,12.21905931,11.88161427,12.0592167,8481797,False
2021-01-19,12.16577816,12.23681913,12.11249785,12.16577816,3938107,False
2021-01-20,12.25457859,12.34337938,12.07697617,12.16577696,10272905,False
2021-01-21,12.18353844,12.30785971,12.16577777,12.27233923,5454988,False
2021-01-24,12.09473705,12.236819,12.07697723,12.236819,3676668,False
2021-01-25,12.13025761,12.16577809,12.05921663,12.13025761,3796201,False
2021-01-26,12.13025761,12.13025761,12.00593633,12.09473712,3647132,False
2021-01-27,12.09473705,12.14801821,12.07697723,12.11249772,2749613,False
2021-01-28,12.18353844,12.18353844,12.00593601,12.05921631,3880833,False
2021-01-31,12.0592165,12.13025747,11.98817553,12.09473699,5725697,False
2021-02-01,11.93489456,12.07697736,11.91713474,12.07697736,4042857,False
2021-02-02,11.88161469,12.00593682,11.82833353,11.95265566,4860216,False
2021-02-03,11.75729179,11.89937374,11.68625082,11.88161392,4295048,False
2021-02-04,11.77505207,11.81057256,11.57968898,11.66849062,4676066,False
2021-02-07,11.86385441,11.91713557,11.77505361,11.84609459,3401909,False
2021-02-08,11.98817539,12.02369588,11.88161393,11.91713442,4976324,False
2021-02-09,12.02369595,12.02369595,11.89937382,12.00593613,5185153,False
2021-02-10,11.89937401,11.98817565,11.88161419,11.97041498,3183928,False
2021-02-11,12.41442204,12.46770319,11.88161471,11.89937453,24332957,False
2021-02-14,12.37890148,12.9649908,12.30786051,12.822908,39614540,False
2021-02-15,12.43218231,12.57426426,12.1835389,12.41442165,15920073,False
2021-02-16,12.37890148,12.4499433,12.29010069,12.43218264,13172886,False
2021-02-17,12.25457859,12.37889986,12.16577696,12.36114004,9470441,False
2021-02-18,12.18353844,12.27233923,12.11249747,12.25457941,7030480,False
2021-02-21,12.14801788,12.14801788,11.86385315,11.98817528,13206572,False
2021-02-22,12.02369595,12.18353856,12.02369595,12.16577789,6520901,False
2021-02-23,12.13025761,12.14801827,11.97041499,12.02369615,7531702,False
2021-02-24,11.93489456,12.11249784,11.86385359,12.07697736,8889498,False
2021-02-25,11.89937401,12.0414568,11.89937401,11.98817565,10781765,False
2021-02-28,11.97041512,12.23681919,11.9526553,12.13025773,26055602,False
2021-03-01,11.93489456,12.0236962,11.89937408,12.00593638,8746752,False
2021-03-02,11.98817539,12.00593606,11.89937375,11.93489424,8692816,False
2021-03-03,12.00593567,12.02369549,11.93489385,11.988175,6320422,False
2021-03-04,11.89937401,12.00593631,11.89937401,12.00593631,9128342,False
2021-03-07,11.97041512,12.00593645,11.89937414,11.93489463,6920584,False
2021-03-08,11.88161469,11.97041548,11.88161469,11.97041548,6337774,False
2021-03-09,12.07697678,12.0947366,11.81057271,11.86385302,14276944,False
2021-03-10,12.00593567,12.18353809,11.988175,12.07697664,11114275,False
2021-03-11,12.14801788,12.14801788,11.93489412,12.00593594,10807009,False
2021-03-14,12.34338093,12.53874403,12.14801867,12.18353916,26096218,False
2021-03-15,12.27233887,12.39666099,12.23681838,12.39666099,11531505,False
2021-03-16,12.46770191,12.64530433,12.254579,12.29009949,29487789,False
2021-03-17,12.46770191,12.82290676,12.43218143,12.5032224,29924830,False
2021-03-18,12.44994164,12.53874242,12.39666049,12.50322194,10160860,False
2021-03-21,12.75186729,12.75186729,12.34338125,12.37890174,11348124,False
2021-03-22,12.84066772,12.9117087,12.57426366,12.73410627,16310209,False
2021-03-23,13.00051022,13.23139294,12.84066761,12.87618809,26000675,False
2021-03-24,12.92946911,13.1781125,12.85842729,13.03603056,11264038,False
2021-03-25,12.60978508,12.96499081,12.60978508,12.92947032,9011695,False
2021-03-28,12.66306496,12.71634526,12.48546253,12.62754447,5640225,False
2021-03-29,12.68082523,12.71634572,12.57426378,12.60978426,5783516,False
2021-03-30,12.96498966,13.00051015,12.64530445,12.68082494,11898917,False
2021-03-31,13.3201952,13.3201952,12.98275015,13.14259276,20736348,False
2021-04-01,13.23139381,13.32019546,13.12483235,13.24915448,8752256,False
2021-04-04,13.44451714,13.48003762,13.19587289,13.19587289,8676631,False
2021-04-05,13.48003769,13.533318,13.32019508,13.48003769,6279668,False
2021-04-06,13.5865984,13.5865984,13.35571482,13.44451646,9458317,False
2021-04-07,13.5865984,13.5865984,13.5865984,13.5865984,0,True
2021-04-08,13.40899658,13.49779737,13.33795561,13.49779737,3464874,False
2021-04-11,13.40899658,13.40899658,13.40899658,13.40899658,0,True
2021-04-12,13.30243492,13.33795626,13.12483248,13.33795626,3841676,False
2021-04-13,13.3201952,13.42675666,13.21363374,13.30243453,2975672,False
2021-04-14,13.3557148,13.46227625,13.23139268,13.30243365,4470817,False
2021-04-15,13.46227741,13.46227741,13.35571595,13.44451759,3468163,False
2021-04-18,13.5865984,13.65763937,13.46227628,13.48003694,6153117,False
2021-04-19,13.48003769,13.69316061,13.40899672,13.60435897,5937100,False
2021-04-20,13.39123535,13.4977968,13.26691323,13.48003699,5827250,False
2021-04-21,13.28467464,13.40899677,13.21363367,13.40899677,2544272,False
2021-04-22,13.3201952,13.35571568,13.23139356,13.28467471,2647500,False
2021-04-25,13.26691437,13.35571601,13.23139388,13.35571601,1872615,False
2021-04-26,13.16035271,13.24915435,13.1070724,13.24915435,3858490,False
2021-04-27,13.23139381,13.24915448,13.05379138,13.16035284,3717802,False
2021-04-28,13.39123535,13.46227632,13.12483129,13.23139275,9645969,False
2021-04-29,13.44451714,13.48003762,13.30243434,13.39123598,6188810,False
2021-05-02,13.46227741,13.4977979,13.35571595,13.46227741,3836208,False
2021-05-03,13.33795547,13.48003742,13.26691366,13.46227675,4337979,False
2021-05-04,13.30243492,13.33795626,13.21363413,13.32019559,2340119,False
2021-05-05,13.10707188,13.32019479,13.05379072,13.30243412,5564951,False
2021-05-06,13.23139381,13.39123643,12.9827504,13.10707253,6513706,False
2021-05-09,12.91170883,13.08931126,12.87618835,13.08931126,6403474,False
2021-05-10,13.00051022,13.00051022,12.82290694,12.94722906,3044013,False
2021-05-17,13.00051022,13.01827003,12.87618809,13.00051022,4030047,False
2021-05-18,13.16035271,13.16035271,12.96499045,13.03603143,4523405,False
2021-05-19,13.00051022,13.16035197,12.98274955,13.16035197,4286502,False
2021-05-20,12.858428,13.01827061,12.80514769,13.00051079,8197091,False
2021-05-23,12.89394855,12.91170837,12.78738625,12.8406674,2478353,False
2021-05-24,12.78738785,12.91170998,12.78738785,12.89395016,4801246,False
2021-05-25,12.858428,12.858428,12.78738703,12.80514769,3206929,False
2021-05-26,12.858428,12.91170915,12.82290751,12.858428,4798280,False
2021-05-27,12.858428,12.87618867,12.78738703,12.84066818,4411971,False
2021-05-30,12.96498966,12.96498966,12.85842736,12.87618803,7562030,False
2021-05-31,12.98274994,13.03603109,12.89394915,12.96499012,5978544,False
2021-06-01,13.03603077,13.03603077,12.91170865,12.98274962,6742586,False
2021-06-02,13.07155132,13.10707181,13.00051035,13.05379066,4035466,False
2021-06-03,13.23139381,13.28467497,13.01827089,13.05379138,10780906,False
2021-06-06,13.24915409,13.37347622,13.19587294,13.26691391,9540301,False
2021-06-07,13.17811203,13.249153,13.14259155,13.23139233,3599081,False
2021-06-08,13.01827049,13.19587292,12.69858612,13.19587292,8281394,False
2021-06-09,12.94722939,13.03603102,12.87618841,13.03603102,7621867,False
2021-06-10,13.0893116,13.2846747,12.89394935,12.94722965,13283506,False
2021-06-13,13.0893116,13.23139355,13.07155178,13.12483209,6161593,False
2021-06-14,12.89394855,13.14259195,12.8406674,13.12483128,8763217,False
2021-06-15,12.84066772,12.89394888,12.75186609,12.89394888,4148867,False
2021-06-16,12.89394855,12.89394855,12.73410595,12.8406674,3075769,False
2021-06-17,13.0893116,13.0893116,12.82290753,12.87618868,6147060,False
2021-06-20,12.92946911,13.03603056,12.89394862,13.03603056,3322687,False
2021-06-21,12.92946911,12.94722893,12.85842729,12.91170844,4899326,False
2021-06-22,13.03603077,13.03603077,12.91170865,12.91170865,4494044,False
2021-06-23,13.14259243,13.26691371,13.03603097,13.07155146,10754425,False
2021-06-24,13.14259243,13.23139322,13.07155146,13.14259243,6030158,False
2021-06-27,13.14259243,13.14259243,13.14259243,13.14259243,0,True
2021-06-28,13.0893116,13.21363373,13.01827063,13.21363373,4649220,False
2021-06-29,12.94722939,13.08931133,12.89394908,13.08931133,6157561,False
2021-06-30,12.91170883,12.9827498,12.85842768,12.94722932,6320774,False
2021-07-01,12.80514717,12.92946929,12.78738651,12.91170863,7054068,False
2021-07-04,12.78738785,12.87618949,12.69858705,12.80514852,6487399,False
2021-07-05,12.75186729,12.78738778,12.69858698,12.76962796,5343032,False
2021-07-06,12.69858551,12.76962648,12.64530436,12.73410599,3649525,False
2021-07-07,12.53874397,12.69858659,12.48546366,12.6630661,8137247,False
2021-07-08,12.44994164,12.55650308,12.39666049,12.48546212,8432552,False
2021-07-11,12.46770191,12.53874288,12.41442076,12.44994209,4874891,False
2021-07-12,12.43218231,12.52098395,12.25457988,12.4677028,4206246,False
2021-07-13,12.6275444,12.64530422,12.34337968,12.43218132,7071710,False
2021-07-14,12.5920248,12.69858626,12.55650432,12.62754529,3824218,False
2021-07-15,12.60978508,12.66306624,12.55650477,12.60978508,2625990,False
2021-07-25,12.66306496,12.69858544,12.59202399,12.62754447,3402986,False
2021-07-26,12.71634579,12.75186627,12.60978433,12.64530482,3278474,False
2021-07-27,12.64530468,12.71634565,12.62754486,12.71634565,1922217,False
2021-07-28,12.60978508,12.64530557,12.5387441,12.64530557,1795203,False
2021-07-29,12.60978508,12.66306624,12.55650477,12.57426459,2310043,False
2021-08-01,12.60978508,12.64530557,12.59202526,12.60978508,2213760,False
2021-08-02,12.60978508,12.68082606,12.57426459,12.62754575,2164563,False
2021-08-03,12.57426453,12.6453055,12.50322355,12.6453055,2561157,False
2021-08-04,12.5209837,12.574264,12.50322303,12.574264,1444359,False
2021-08-05,12.60978508,12.60978508,12.43218264,12.50322362,3057043,False
2021-08-08,12.60978508,12.66306624,12.57426459,12.60978508,2383265,False
2021-08-09,12.50322247,12.60978392,12.48546265,12.60978392,2587231,False
2021-08-10,12.5209837,12.574264,12.46770254,12.50322303,2398019,False
2021-08-11,12.43218231,12.52098395,12.41442165,12.52098395,2642285,False
2021-08-12,12.43218231,12.4677028,12.30786018,12.43218231,2216559,False
2021-08-15,12.48546219,12.52098267,12.44994171,12.46770152,2002607,False
2021-08-16,12.44994164,12.50322194,12.36114,12.48546212,2213765,False
2021-08-17,12.41442204,12.4321827,12.34338106,12.4321827,1817323,False
2021-08-18,12.41442204,12.44994337,12.32562124,12.37890155,1940056,False
2021-08-19,12.25457859,12.36114004,12.14801714,12.34337938,3944510,False
2021-08-22,12.16577816,12.29010029,12.13025767,12.21905931,1647165,False
2021-08-23,12.18353844,12.23681874,12.07697698,12.14801795,2118484,False
2021-08-24,12.25457859,12.25457859,12.11249666,12.20129744,1428898,False
2021-08-25,12.29009914,12.29009914,12.20129751,12.21905818,1530215,False
2021-08-26,12.30786037,12.30786037,12.20129891,12.29010055,1105545,False
2021-08-29,12.39666176,12.41442158,12.27233963,12.27233963,1133165,False
2021-08-30,12.43218231,12.43218231,12.32562085,12.37890116,1060648,False
2021-08-31,12.858428,12.87618867,12.43218216,12.43218216,18488321,False
2021-09-01,12.55650425,12.92946978,12.55650425,12.85842796,10101801,False
2021-09-02,12.66306496,12.68082478,12.5565035,12.57426332,2762130,False
2021-09-05,12.5920248,12.6808256,12.57426414,12.6808256,3829103,False
2021-09-06,12.69858551,12.73410599,12.57426339,12.59202406,3480689,False
2021-09-07,12.858428,13.00051079,12.75186654,12.96499031,17753070,False
2021-09-08,12.73410606,12.85842734,12.59202412,12.85842734,8673786,False
2021-09-09,12.60978508,12.71634654,12.59202526,12.68082606,3573576,False
2021-09-12,12.46770191,12.59202403,12.44994209,12.59202403,3770254,False
2021-09-13,12.60978508,12.62754575,12.41442197,12.4854638,7017532,False
2021-09-14,12.5209837,12.60978449,12.50322303,12.59202467,2418396,False
2021-09-15,12.5209837,12.53874352,12.48546321,12.5209837,2557254,False
2021-09-16,12.43218231,12.53874377,12.43218231,12.52098395,3672470,False
2021-09-19,12.53874397,12.57426446,12.41442184,12.44994318,2818951,False
2021-09-20,12.43218231,12.50322329,12.37890116,12.50322329,2870648,False
2021-09-21,12.43218231,12.52098395,12.34338067,12.37890116,3660353,False
2021-09-22,12.3611412,12.44994284,12.3611412,12.41442151,3881121,False
2021-09-26,12.39666176,12.44994291,12.37890109,12.39666176,1280825,False
2021-09-27,12.34338093,12.4144219,12.34338093,12.39666208,2585017,False
2021-09-28,12.39666176,12.50322322,12.3433806,12.3433806,3841425,False
2021-09-29,12.48546219,12.53874249,12.36114007,12.37889989,4486341,False
2021-09-30,12.43218231,12.50322329,12.39666182,12.4677028,3817133,False
2021-10-03,12.46770191,12.48546258,12.37890028,12.43218143,2571731,False
2021-10-04,12.41442204,12.50322368,12.39666221,12.44994337,2154678,False
2021-10-05,12.32562065,12.43218211,12.32562065,12.41442144,2685439,False
2021-10-06,12.32562065,12.37890096,12.29010016,12.36114114,2451073,False
2021-10-07,12.29009914,12.30785896,12.21905818,12.30785896,2350167,False
2021-10-10,12.16577816,12.32562077,12.11249785,12.29010029,2217300,False
2021-10-11,12.16577816,12.16577816,12.16577816,12.16577816,0,True
2021-10-12,12.02369595,12.04145661,11.95265497,12.04145661,1909251,False
2021-10-13,12.07697678,12.07697678,11.97041447,12.02369563,1771496,False
2021-10-14,11.98817539,12.04145654,11.89937375,12.04145654,2538911,False
2021-10-17,12.18353844,12.20129826,11.91713437,11.98817534,4464997,False
2021-10-18,12.18353844,12.23681874,12.0947368,12.0947368,1954416,False
2021-10-19,12.16577816,12.2545798,12.04145688,12.21905931,3716924,False
2021-10-20,12.18353844,12.18353844,12.02369583,12.16577777,2514515,False
2021-10-21,12.25457859,12.25457859,12.07697617,12.14801714,1385386,False
2021-10-24,12.18353844,12.25457941,12.13025728,12.18353844,1998200,False
2021-10-25,12.14801788,12.29009983,12.09473673,12.1657777,2525571,False
2021-10-26,12.14801788,12.1657777,12.09473673,12.14801788,1446497,False
2021-10-27,11.98817539,12.13025734,11.97041473,12.13025734,1693875,False
2021-10-28,12.0592165,12.07697717,11.93489437,11.95265504,1591616,False
2021-10-31,12.0592165,12.11249765,12.00593619,12.07697717,1802082,False
2021-11-01,12.07697678,12.07697678,12.00593581,12.05921611,1047317,False
2021-11-02,12.14801788,12.32562031,12.07697691,12.14801788,4612203,False
2021-11-03,12.0592165,12.14801814,12.02369601,12.14801814,1630984,False
2021-11-04,12.20129871,12.27233969,12.13025774,12.14801841,2908067,False
2021-11-07,12.02369595,12.23681886,12.02369595,12.23681886,2012968,False
2021-11-08,11.89937401,12.05921662,11.86385352,12.0414568,3427505,False
2021-11-09,11.8283329,11.88161405,11.79281241,11.88161405,1874636,False
2021-11-10,11.97041512,11.97041512,11.73953237,11.81057335,2639841,False
2021-11-11,11.95265484,12.00593599,11.89937369,11.98817532,1434897,False
2021-11-14,11.98817539,11.98817539,11.89937375,11.91713442,724921,False
2021-11-15,12.07697678,12.13025708,11.91713417,11.93489399,2411445,False
2021-11-16,12.07697678,12.11249726,11.98817514,12.04145629,1463328,False
2021-11-17,12.09473705,12.18353869,12.00593626,12.04145675,2456097,False
2021-11-18,12.09473705,12.09473705,12.09473705,12.09473705,0,True
2021-11-21,11.70401192,11.84609387,11.61521028,11.84609387,2596918,False
2021-11-22,11.27776527,11.72177179,11.27776527,11.6862513,3913236,False
2021-11-23,11.3665657,11.40208619,11.17120262,11.27776407,2194822,False
2021-11-24,11.3665657,11.49088697,11.29552474,11.3665657,2080304,False
2021-11-25,11.3310461,11.47312805,11.3310461,11.4198469,1172389,False
2021-11-28,11.3310461,11.3310461,11.3310461,11.3310461,0,True
2021-11-29,10.65615559,10.83375801,10.35423104,10.70943674,3912401,False
2021-11-30,10.88703918,10.88703918,10.51407367,10.56735397,4977233,False
2021-12-01,10.65615559,10.83375801,10.60287444,10.81599819,1966054,False
2021-12-02,10.65615559,10.72719656,10.6206351,10.65615559,1424395,False
2021-12-05,11.01136112,11.01136112,10.69167674,10.69167674,2679716,False
2021-12-06,10.81599808,11.13568244,10.81599808,11.01136032,5039744,False
2021-12-07,10.85151863,10.94031942,10.85151863,10.9225596,1463016,False
2021-12-08,10.74495697,10.88703891,10.74495697,10.86927824,1817120,False
2021-12-09,10.74495697,10.79823727,10.70943649,10.79823727,837708,False
2021-12-12,11.01136112,11.04688161,10.70943741,10.76271771,2513584,False
2021-12-13,10.97584152,11.08240299,10.94032103,11.0468825,1773059,False
2021-12-14,10.85151863,11.01136039,10.85151863,10.9758399,937482,False
2021-12-15,10.86927891,10.95808055,10.83375842,10.86927891,1510077,False
2021-12-16,11.04688168,11.04688168,10.92256039,10.92256039,2334848,False
2021-12-19,10.79823875,10.99360187,10.76271827,10.99360187,2332974,False
2021-12-20,10.85151863,10.88703912,10.72719651,10.78047766,2159615,False
2021-12-21,10.79823875,10.90480022,10.79823875,10.85151991,998011,False
2021-12-22,10.72719669,10.85151882,10.72719669,10.85151882,1189577,False
2021-12-23,10.72719669,10.78047784,10.67391639,10.74495736,1570484,False
2021-12-26,10.60287571,10.72719784,10.60287571,10.72719784,1001805,False
2021-12-27,10.69167614,10.69167614,10.56735402,10.6028745,1207657,False
2021-12-28,10.7627182,10.78047887,10.6739174,10.69167722,903020,False
2021-12-29,10.63839531,10.83375841,10.60287482,10.74495761,1791109,False
2021-12-30,10.69167614,10.70943681,10.62063517,10.63839499,834685,False
2022-01-02,10.67391586,10.70943635,10.6561552,10.69167568,1099056,False
2022-01-03,10.65615559,10.72719656,10.6206351,10.69167607,1612628,False
2022-01-04,10.62063503,10.691676,10.56735388,10.691676,1119852,False
2022-01-05,10.62063503,10.67391618,10.62063503,10.65615552,1915753,False
2022-01-06,10.56735516,10.63839613,10.54959533,10.62063631,2678480,False
2022-01-09,10.65615559,10.65615559,10.49631298,10.56735395,3869291,False
2022-01-10,10.79823875,10.86927973,10.62063631,10.6561568,5074417,False
2022-01-11,10.86927891,10.86927891,10.74495763,10.78047812,3041287,False
2022-01-12,10.88703918,10.92255967,10.79823755,10.83375803,1761863,False
2022-01-13,11.01136112,11.02912179,10.86927917,10.90479966,3052955,False
2022-01-16,11.06464195,11.10016244,10.97584031,11.0113608,3330873,False
2022-01-17,11.20672417,11.22448483,11.01136107,11.04688155,3977167,False
2022-01-18,11.15344334,11.26000479,11.10016219,11.22448431,4389026,False
2022-01-19,11.18896389,11.24224419,11.08240159,11.10016225,3020230,False
2022-01-20,11.18896389,11.22448438,11.11792292,11.20672371,1546584,False
2022-01-23,11.01136112,11.13568325,10.92256033,11.10016276,1784512,False
2022-01-24,11.0291214,11.04688122,10.92255994,10.99360091,1362973,False
2022-01-25,10.90479946,11.01136092,10.85151916,10.9936011,1770636,False
2022-01-26,10.90479946,10.90479946,10.90479946,10.90479946,0,True
2022-01-27,10.90479946,10.90479946,10.90479946,10.90479946,0,True
2022-01-30,11.0291214,11.06464188,10.92255994,10.94031976,2226464,False
2022-01-31,11.88161469,12.05921713,11.02912213,11.04688195,19640629,False
2022-02-01,11.97041512,12.25457986,11.89937414,11.91713481,15656113,False
2022-02-02,11.75729179,12.07697701,11.73953197,12.02369586,3566264,False
2022-02-03,11.95265484,11.98817532,11.54416883,11.72177126,3634783,False
2022-02-06,12.11249733,12.13025715,11.86385309,11.98817521,5687774,False
2022-02-07,11.93489456,12.13025766,11.93489456,12.07697736,4011110,False
2022-02-08,12.04145622,12.11249719,11.93489392,12.00593574,2509409,False
2022-02-09,12.0592165,12.09473699,11.98817553,12.0592165,1680010,False
2022-02-10,12.07697678,12.07697678,11.95265465,12.07697678,2025133,False
2022-02-13,11.68625164,11.98817621,11.49088853,11.95265573,2678630,False
2022-02-14,11.86385441,11.88161508,11.61521098,11.72177245,2851400,False
2022-02-15,12.04145622,12.09473653,11.70401119,11.82833247,2374863,False
2022-02-16,12.43218231,12.55650444,12.14801842,12.37890116,20394324,False
2022-02-17,12.3611412,12.43218218,12.1657781,12.43218218,5974346,False
2022-02-20,11.84609318,12.34337997,11.84609318,12.34337997,4418665,False
2022-02-21,12.07697678,12.13025708,11.8993735,11.97041447,2993509,False
2022-02-23,11.95265484,12.16577775,11.93489417,12.04145648,2798593,False
2022-02-24,11.81057262,11.91713408,11.50864808,11.54416856,6606381,False
2022-02-27,11.86385441,11.98817654,11.82833392,11.91713557,2529142,False
2022-02-28,11.91713428,11.91713428,11.81057283,11.91713428,2234689,False
2022-03-01,11.84609318,11.93489397,11.77505221,11.91713415,3009088,False
2022-03-02,11.77505207,11.88161352,11.7040111,11.81057256,2846881,False
2022-03-03,11.75729179,11.86385325,11.70401149,11.86385325,3001826,False
2022-03-06,11.73953152,11.8283323,11.70401103,11.81057249,3799019,False
2022-03-07,11.70401192,11.79281271,11.63297094,11.70401192,3516480,False
2022-03-08,11.79281235,11.88161399,11.6507304,11.66849107,5725822,False
2022-03-09,11.70401192,11.95265533,11.66849143,11.86385369,9294043,False
2022-03-10,11.70401192,11.75729222,11.59745046,11.72177174,3188841,False
2022-03-13,11.81057262,12.05921602,11.66849069,11.73953165,14134780,False
2022-03-14,11.70401192,11.89937417,11.68625125,11.84609387,3570981,False
2022-03-15,11.89937401,12.00593631,11.68625109,11.70401176,6963117,False
2022-03-16,12.00593567,12.27233888,11.97041434,12.04145615,16781331,False
2022-03-17,12.0592165,12.09473699,11.88161407,12.04145668,8474883,False
2022-03-20,11.93489456,12.05921669,11.91713474,12.05921669,2910223,False
2022-03-21,11.77505207,11.93489383,11.72177092,11.91713401,4040383,False
2022-03-22,11.93489456,12.0236962,11.75729213,11.77505279,5179549,False
2022-03-23,11.93489456,11.97041505,11.84609377,11.93489456,1235946,False
2022-03-24,11.89937401,11.97041498,11.82833304,11.97041498,1523226,False
2022-03-27,11.65073109,11.88161468,11.65073109,11.86385401,4626318,False
2022-03-28,12.00593567,12.00593567,11.70401113,11.72177094,8771169,False
2022-03-29,11.98817539,12.11249752,11.91713442,11.98817539,7593746,False
2022-03-30,11.98817539,12.16577782,11.89937375,11.97041473,4867609,False
2022-03-31,11.8283329,11.98817551,11.79281241,11.98817551,3110940,False
2022-04-03,11.89937401,11.91713467,11.81057322,11.81057322,943476,False
2022-04-04,11.89937401,11.89937401,11.89937401,11.89937401,0,True
2022-04-05,11.79281235,11.88161399,11.73953204,11.88161399,1983256,False
2022-04-06,11.88161469,11.88161469,11.65073109,11.79281304,3689136,False
2022-04-07,11.8283329,11.91713454,11.79281241,11.89937387,3191373,False
2022-04-10,11.86385441,11.93489539,11.82833392,11.88161508,1692108,False
2022-04-11,11.98817539,12.00593606,11.82833278,11.84609345,5049915,False
2022-04-12,12.09473705,12.13025754,11.95265511,11.98817559,11352650,False
2022-04-13,12.3611412,12.5565043,12.1657781,12.1657781,25981214,False
2022-04-14,12.64530468,12.75186614,12.39666128,12.55650389,15105175,False
2022-04-17,12.48546219,12.71634491,12.46770152,12.69858509,6443654,False
2022-04-18,12.39666176,12.76962729,12.36114127,12.68082565,9876334,False
2022-04-19,12.27233887,12.39666099,12.25457905,12.39666099,4924128,False
2022-04-20,12.21905899,12.32562045,12.21905899,12.29009996,2909766,False
2022-04-21,12.21905899,12.30785978,12.04145656,12.23681881,3980142,False
2022-04-24,12.02369595,12.14801807,11.97041479,12.14801807,2236321,False
2022-04-25,11.98817539,12.09473685,11.89937375,12.02369588,3088640,False
2022-04-26,12.13025761,12.21905925,11.91713469,11.93489451,3888566,False
2022-04-27,12.20129871,12.21905938,12.02369628,12.13025774,2187602,False
2022-04-28,12.37890148,12.39666215,12.16577855,12.21905971,4174998,False
2022-05-08,12.25457859,12.43218101,12.14801714,12.43218101,4604611,False
2022-05-09,12.48546219,12.53874249,12.27233844,12.32561959,12142750,False
2022-05-10,12.41442204,12.48546386,12.32562124,12.41442204,6331344,False
2022-05-11,12.3611412,12.50322315,12.29010023,12.43218218,5754765,False
2022-05-12,11.91713428,12.34338011,11.91713428,12.34338011,6042621,False
2022-05-15,12.11249733,12.20129812,11.95265472,11.98817521,3951913,False
2022-05-16,11.95265484,12.16577775,11.84609338,12.04145648,3039541,False
2022-05-17,11.95265484,11.98817532,11.8105729,11.93489417,2075236,False
2022-05-18,11.95265484,11.95265484,11.95265484,11.95265484,0,True
2022-05-19,11.63296986,11.84609276,11.61520919,11.82833209,3256929,False
2022-05-22,11.63296986,11.72177064,11.47312726,11.68625016,2378334,False
2022-05-23,11.54416847,11.68625041,11.50864799,11.63297011,4024494,False
2022-05-24,11.47312832,11.57968978,11.43760783,11.56192996,3654667,False
2022-05-25,11.57968903,11.57968903,11.47312757,11.50864806,4811904,False
2022-05-26,11.57968903,11.59744969,11.49088739,11.56192921,2134745,False
2022-05-29,11.68625164,11.81057377,11.66849182,11.75729262,3004870,False
2022-05-30,11.65073109,11.70401224,11.6152106,11.68625157,3999853,False
2022-05-31,11.84609318,11.84609318,11.54416863,11.65073009,8919637,False
2022-06-01,11.81057262,11.89937341,11.6862505,11.79281196,4287563,False
2022-06-02,11.81057262,11.95265456,11.73953165,11.81057262,2901687,False
2022-06-05,11.70401192,11.88161435,11.66849143,11.81057338,2421785,False
2022-06-06,11.72177124,11.79281221,11.63297045,11.70401142,3138928,False
2022-06-07,11.61520958,11.72177103,11.59744976,11.70401122,2214948,False
2022-06-08,11.65073109,11.68625157,11.59745078,11.63297127,1382483,False
2022-06-09,11.63296986,11.65072967,11.54416822,11.65072967,1744508,False
2022-06-12,11.3310461,11.63297066,11.29552562,11.63297066,2889724,False
2022-06-13,11.01136112,11.29552586,10.81599887,11.2777652,2733181,False
2022-06-14,10.7627182,11.11792393,10.56735509,11.01136162,4616336,False
2022-06-15,10.69167614,10.81599826,10.6028745,10.74495729,2879989,False
2022-06-16,10.7627182,10.86927967,10.5318346,10.69167722,3404136,False
2022-06-19,10.12334824,10.58511542,9.892465491,10.49631378,2264907,False
2022-06-20,9.927985191,10.12334743,9.803663072,9.94574501,3764697,False
2022-06-21,9.945745468,10.07006759,9.768143037,9.999026621,4317633,False
2022-06-22,9.590539932,9.910224286,9.501738299,9.910224286,4415826,False
2022-06-23,9.643821716,9.661582384,9.395178292,9.572780738,1860159,False
2022-06-26,10.2299099,10.2831902,9.697101772,9.750382076,2533778,False
2022-06-27,10.40751266,10.5851151,10.07006762,10.28319054,3742307,False
2022-06-28,10.5318346,10.56735509,10.07006825,10.28319118,2602849,False
2022-06-29,10.31871128,10.5318342,10.26543097,10.4785539,1559580,False
2022-06-30,9.981266022,10.33647173,9.981266022,10.31871107,2558742,False
2022-07-03,9.981266022,10.14110863,9.874704562,10.14110863,1173930,False
2022-07-04,10.24767017,10.28319066,9.856944819,9.945745613,1906153,False
2022-07-05,10.10558796,10.30095105,10.07006747,10.26543057,883725,False
2022-07-06,10.01678658,10.03454724,9.892465295,10.01678658,1520410,False
2022-07-13,10.01678658,10.28319065,9.999026755,10.05230706,2146928,False
2022-07-14,9.910224915,10.05230686,9.892465095,10.05230686,876744,False
2022-07-17,10.33647156,10.4785535,10.07006749,10.08782731,3523401,False
2022-07-18,10.30095005,10.44303198,10.21214842,10.38975083,2348247,False
2022-07-19,10.38975239,10.44303354,10.2654311,10.28319092,3048444,False
2022-07-20,10.47855282,10.53183312,10.37199137,10.42527167,4058056,False
2022-07-21,10.58511543,10.63839574,10.38975233,10.51407446,2542364,False
2022-07-24,10.65615559,10.81599819,10.58511462,10.60287444,2328393,False
2022-07-25,10.58511543,10.6916769,10.53183428,10.65615641,1863602,False
2022-07-26,10.47855282,10.70943638,10.44303233,10.60287409,2038982,False
2022-07-27,10.35423183,10.47855396,10.26543104,10.47855396,2797777,False
2022-07-28,10.40751266,10.44303315,10.30095121,10.389752,1722248,False
2022-07-31,10.40751266,10.53183394,10.40751266,10.46079297,2236220,False
2022-08-01,10.70943642,10.72719624,10.38975122,10.44303237,4607470,False
2022-08-02,10.5318346,10.6739174,10.51407478,10.6739174,2735509,False
2022-08-03,10.5318346,10.54959527,10.47855429,10.49631411,1535419,False
2022-08-04,10.56735516,10.60287564,10.51407485,10.60287564,1148983,False
2022-08-07,10.47855282,10.60287409,10.46079215,10.60287409,1737949,False
2022-08-08,10.5318346,10.5318346,10.4430338,10.47855429,1060748,False
2022-08-09,10.5318346,10.54959527,10.46079363,10.5318346,1702974,False
2022-08-10,10.70943642,10.72719624,10.47855285,10.53183315,3499946,False
2022-08-11,10.85151863,10.90479893,10.65615554,10.74495718,4475193,False
2022-08-14,10.7627182,10.92256082,10.7627182,10.90480015,1746087,False
2022-08-15,10.79823875,10.8870404,10.72719778,10.74495844,1952459,False
2022-08-16,10.99360085,11.1001623,10.74495745,10.79823775,5348997,False
2022-08-17,10.95808029,11.06464175,10.88703932,11.02912126,1893919,False
2022-08-18,11.10016251,11.18896414,10.8515191,10.90479941,3788907,False
2022-08-21,10.99360085,11.18896394,10.95808036,11.1001623,1848360,False
2022-08-22,11.08240223,11.1001629,10.94032028,10.97584077,1293993,False
2022-08-23,10.65615559,11.0824014,10.60287444,11.04688092,4213356,False
2022-08-24,10.51407337,10.69167579,10.47855289,10.69167579,3154118,False
2022-08-25,10.70943642,10.72719624,10.53183315,10.56735364,2418747,False
2022-08-28,10.58511543,10.6916769,10.53183428,10.56735477,2037451,False
2022-08-29,10.65615559,10.70943674,10.58511462,10.6206351,1774604,False
2022-08-30,10.5318346,10.70943789,10.5318346,10.6739174,2439882,False
2022-08-31,10.28318977,10.56735364,10.28318977,10.53183316,3610003,False
2022-09-01,10.2654295,10.33647046,10.1588672,10.30094998,2139474,False
2022-09-04,10.2299099,10.30095087,10.12334759,10.12334759,1211089,False
2022-09-05,10.2299099,10.30095087,10.15886808,10.2299099,1096700,False
2022-09-06,10.03454685,10.30095092,10.03454685,10.24766976,2028131,False
2022-09-07,10.05230713,10.10558828,9.910225181,10.03454731,1367252,False
2022-09-08,10.2299099,10.30095087,10.07006729,10.14110826,1829055,False
2022-09-11,10.42527294,10.4785541,10.19438935,10.28319099,1986784,False
2022-09-12,10.42527294,10.51407458,10.37199263,10.37199263,1355086,False
2022-09-13,10.56735516,10.60287564,10.40751338,10.44303387,1666131,False
2022-09-14,10.44303226,10.47855275,10.3719913,10.47855275,993953,False
2022-09-15,10.47855282,10.53183312,10.38975119,10.47855282,1468995,False
2022-09-18,10.24767017,10.46079309,10.14110871,10.46079309,1285911,False
2022-09-19,10.10558796,10.26543057,10.08782729,10.17662893,894397,False
2022-09-20,10.03454685,10.22990995,10.03454685,10.19438861,1554689,False
2022-09-21,10.01678658,10.05230706,9.945745602,9.963506269,1031421,False
2022-09-25,9.67934227,9.856945564,9.626061959,9.768143917,1247433,False
2022-09-26,9.590539932,9.732621867,9.590539932,9.608299751,1104919,False
2022-09-27,9.732622147,9.732622147,9.608300026,9.679340996,958131,False
2022-09-28,10.03454685,10.21214928,9.714861637,9.785903455,2178077,False
2022-09-29,10.17662907,10.17662907,9.945745482,10.03454712,1528167,False
2022-10-02,10.46079254,10.51407369,9.945745087,10.17662866,1971026,False
2022-10-03,10.67391586,10.8159978,10.51407326,10.54959375,5393176,False
2022-10-04,10.67391586,10.67391586,10.67391586,10.67391586,0,True
2022-10-05,10.74495697,11.01136018,10.70943649,10.74495697,5269730,False
2022-10-06,10.56735516,10.85151991,10.56735516,10.83375925,3641578,False
2022-10-09,10.72719669,10.81599833,10.46079263,10.51407378,4156586,False
2022-10-10,11.4908886,11.54416975,10.86927962,10.86927962,22488736,False
2022-10-11,11.22448444,11.70401142,11.22448444,11.54416881,10766665,False
2022-10-12,11.3310461,11.52640836,11.18896416,11.27776495,9012862,False
2022-10-13,11.0291214,11.43760741,11.0291214,11.36656644,5910554,False
2022-10-16,11.260005,11.65073034,11.260005,11.54416888,11359558,False
2022-10-17,11.10016251,11.27776494,11.06464202,11.26000512,7406969,False
2022-10-18,11.34880543,11.40208658,11.1179227,11.171203,6795248,False
2022-10-19,11.22448444,11.36656639,11.22448444,11.36656639,3394425,False
2022-10-20,11.34880543,11.36656609,11.20672349,11.22448415,4433838,False
2022-10-23,11.29552555,11.45536731,11.26000506,11.41984683,3408783,False
2022-10-24,11.3310461,11.3310461,11.17120349,11.29552562,2211181,False
2022-10-25,11.38432598,11.52640792,11.27776453,11.36656616,9495579,False
2022-10-26,11.63296986,11.81057227,11.40208629,11.40208629,18307640,False
2022-10-27,11.3665657,11.72177054,11.29552474,11.66849024,9509621,False
2022-10-30,11.31328583,11.54416942,11.20672437,11.45536778,2855470,False
2022-10-31,11.31328583,11.31328583,11.31328583,11.31328583,0,True
2022-11-01,11.38432598,11.59744974,11.26000471,11.49088744,4700308,False
2022-11-02,10.81599808,10.97583983,10.33647111,10.69167596,8585261,False
2022-11-03,10.83375835,11.02912145,10.78047805,10.92255999,3193050,False
2022-11-06,10.85151863,10.99360057,10.81599815,10.9225596,1852232,False
2022-11-07,10.7627182,10.83375918,10.54959527,10.83375918,3238892,False
2022-11-08,10.60287571,10.72719784,10.53183473,10.72719784,2361179,False
2022-11-09,10.38975239,10.62063598,10.30095159,10.58511549,1861267,False
2022-11-10,10.21214962,10.31871108,10.15886847,10.28319059,1940540,False
2022-11-13,10.10558796,10.33647154,10.03454699,10.30095105,1735248,False
2022-11-14,9.981266022,10.12334797,9.963506202,9.999026688,2447723,False
2022-11-15,10.10558796,10.10558796,9.92798553,9.999026502,2289961,False
2022-11-16,10.19438934,10.22991068,9.981266416,10.07006806,1983001,False
2022-11-17,10.2299099,10.24766972,10.08782711,10.19438856,1390223,False
2022-11-20,10.21214962,10.22991029,10.10558816,10.21214962,1236370,False
2022-11-21,10.12334824,10.21214988,10.03454744,10.1411089,1751343,False
2022-11-22,10.12334824,10.1411089,9.999026953,10.03454744,588670,False
2022-11-24,9.821423531,10.05230625,9.821423531,10.05230625,1999651,False
2022-11-27,9.821423531,9.856944014,9.679340748,9.839183349,835677,False
2022-11-28,9.945745468,9.963506135,9.679341398,9.768143037,1383634,False
2022-11-29,9.981266022,10.03454717,9.874704562,9.945745535,1157466,False
2022-11-30,9.981266022,9.981266022,9.981266022,9.981266022,0,True
2022-12-01,9.981266022,9.981266022,9.981266022,9.981266022,0,True
2022-12-04,9.785902977,9.999025879,9.714861163,9.94574473,1017287,False
2022-12-05,9.590539932,9.785903016,9.590539932,9.768142351,1411021,False
2022-12-06,9.661581993,9.697102481,9.324136936,9.501739375,1671064,False
2022-12-07,9.590539932,9.714861202,9.501738299,9.697101384,1321624,False
2022-12-08,9.412937164,9.608299394,9.412937164,9.590539577,1427326,False
2022-12-11,8.986691475,9.501738948,8.986691475,9.39517749,1713690,False
2022-12-12,9.022212029,9.022212029,8.755807957,8.968931722,2078188,False
2022-12-13,9.128773689,9.164294177,8.98669174,9.022212228,1887791,False
2022-12-14,8.968931198,9.182054104,8.951170532,9.182054104,1930526,False
2022-12-15,9.111013412,9.128773232,8.951170804,8.968931471,2397743,False
2022-12-18,9.039972305,9.093252609,8.986691154,9.057732124,943972,False
2022-12-19,8.986691475,9.022211961,8.897890683,9.004452141,1055829,False
2022-12-20,8.968931198,8.986691017,8.871249231,8.915650048,1412710,False
2022-12-21,9.022212029,9.057732515,8.951171056,9.004452209,1279642,False
2022-12-22,8.968931198,9.075492651,8.968931198,9.039972167,903274,False
2022-12-25,8.915650368,9.004452005,8.880129882,9.004452005,1303740,False
2022-12-26,8.880129814,8.9156503,8.844609329,8.880129814,1332318,False
2022-12-27,8.897890091,8.968931059,8.826848276,8.880129426,2085576,False
2022-12-28,8.897890091,8.933410575,8.871249093,8.915649909,1278012,False
2022-12-29,8.933410645,8.933410645,8.880129495,8.880129495,1424675,False
2023-01-01,8.986691475,9.004452141,8.933411169,8.951170989,1069337,False
2023-01-02,9.199814796,9.253095952,8.98669187,9.004452537,2568669,False
2023-01-03,9.199814796,9.199814796,9.199814796,9.199814796,0,True
2023-01-04,9.111013412,9.253095354,9.039972442,9.235334688,1799978,False
2023-01-05,9.128773689,9.128773689,9.039972895,9.075493382,1228921,False
2023-01-08,9.253095627,9.253095627,9.164293987,9.164293987,777498,False
2023-01-09,9.555019379,9.927984879,9.519498895,9.537258713,9303103,False
2023-01-10,9.501739502,9.590541146,9.412938705,9.590541146,3156764,False
2023-01-11,9.430698395,9.519500038,9.412938574,9.50173937,2730556,False
2023-01-12,9.501739502,9.51950017,9.412938705,9.483979681,2265647,False
2023-01-15,9.501739502,9.501739502,9.501739502,9.501739502,0,True
2023-01-16,9.412937164,9.483978129,9.341896199,9.483978129,1129316,False
2023-01-17,9.519499779,9.555020266,9.377417832,9.412938318,2869318,False
2023-01-18,9.519499779,9.555020266,9.377417832,9.412938318,2869318,False
2023-01-19,9.466218948,9.483979616,9.43069846,9.43069846,567817,False
2023-01-22,9.466218948,9.466218948,9.466218948,9.466218948,0,True
2023-01-23,9.395176888,9.412937553,9.359656404,9.377417069,890715,False
2023-01-24,9.412937164,9.448457647,9.359656017,9.412937164,1234053,False
2023-01-25,9.359656334,9.430697301,9.359656334,9.430697301,1074838,False
2023-01-26,9.430698395,9.448459062,9.359657419,9.412938574,1042374,False
2023-01-29,9.359656334,9.430697301,9.359656334,9.430697301,1361929,False
2023-01-30,9.324136734,9.377417888,9.27085558,9.377417888,1467597,False
2023-01-31,9.28861618,9.377417821,9.217575207,9.377417821,2906555,False
2023-02-01,9.23533535,9.306376326,9.23533535,9.270855838,1085820,False
2023-02-02,9.341897011,9.341897011,9.253095374,9.253095374,1447036,False
2023-02-05,9.199814796,9.359657415,9.146534488,9.270855772,1409839,False
2023-02-06,9.164294243,9.18205491,9.03997296,9.164294243,1503800,False
2023-02-07,9.039972305,9.199814064,9.039972305,9.164293579,1789740,False
2023-02-08,9.253095627,9.253095627,9.057732528,9.057732528,1497084,False
2023-02-09,9.23533535,9.23533535,9.128773886,9.23533535,1168944,False
2023-02-12,9.23533535,9.23533535,9.23533535,9.23533535,0,True
2023-02-13,9.199814796,9.30637626,9.199814796,9.253095952,1137971,False
2023-02-14,9.199814796,9.270855772,9.182054976,9.253095952,879586,False
2023-02-15,9.199814796,9.199814796,9.111014001,9.182054976,1211137,False
2023-02-16,9.128773689,9.217575331,9.111013869,9.199814664,1155266,False
2023-02-19,9.164294243,9.18205491,9.111013935,9.128773755,901461,False
2023-02-20,9.270855904,9.395178036,9.146534618,9.164294439,6281460,False
2023-02-21,9.412937164,9.448457647,9.199813423,9.25309457,4708817,False
2023-02-23,9.182053566,9.448457607,9.182053566,9.377416642,2179795,False
2023-02-26,9.022212029,9.182054641,8.951171056,9.182054641,2481727,False
2023-02-27,9.039972305,9.07549279,8.95117067,9.039972305,1279248,False
2023-02-28,9.217575073,9.253095559,9.022211975,9.146534101,2783582,False
2023-03-01,9.146533966,9.217574938,9.11101348,9.217574938,1500,False
2023-03-02,9.555019379,9.590539862,9.217574362,9.217574362,2392,False
2023-03-05,9.608300209,9.643820695,9.483978933,9.643820695,7000,False
2023-03-06,9.608300209,9.608300209,9.608300209,9.608300209,0,True
2023-03-07,9.608300209,9.608300209,9.608300209,9.608300209,0,True
2023-03-08,9.626060486,9.679340788,9.519499034,9.679340788,9913,False
2023-03-09,9.626060486,9.626060486,9.626060486,9.626060486,0,True
2023-03-12,9.626060486,9.626060486,9.626060486,9.626060486,0,True
2023-03-13,9.626060486,9.626060486,9.626060486,9.626060486,0,True
2023-03-14,9.590539932,10.01678574,9.590539932,9.981265254,2000,False
2023-03-15,9.412937164,9.714860842,9.412937164,9.643819877,5000,False
2023-03-16,9.217575073,9.483979144,9.217575073,9.412938171,3478,False
2023-03-19,9.217575073,9.217575073,9.217575073,9.217575073,0,True
2023-03-20,9.412937164,9.448457647,9.217574087,9.288615052,4160,False
2023-03-21,9.466218948,9.537259924,9.359657484,9.43069846,6029,False
2023-03-22,9.377416611,9.519498539,9.377416611,9.448457575,2955,False
2023-03-23,9.572779655,9.608300141,9.341896925,9.341896925,8908,False
2023-03-26,9.572779655,9.572779655,9.572779655,9.572779655,0,True
2023-03-27,9.572779655,9.572779655,9.572779655,9.572779655,0,True
2023-03-28,9.572779655,9.572779655,9.572779655,9.572779655,0,True
2023-03-29,11.11792278,11.24224406,11.02912115,11.1356826,4472,False
2023-03-30,11.54416847,11.61520944,11.10016199,11.11792266,9740,False
2023-04-02,11.54416847,11.54416847,11.54416847,11.54416847,0,True
2023-04-03,11.77505207,11.86385286,11.50864801,11.59744965,5000,False
2023-04-04,12.41442204,12.87618923,11.82833356,11.86385405,91870,False
2023-04-05,12.48546219,12.64530394,12.29009911,12.41442038,2127,False
2023-04-06,12.64530468,12.75186614,12.4144211,12.48546292,18650,False
2023-04-09,12.92946911,13.03603056,12.66306505,12.69858554,2402,False
2023-04-10,12.78738785,13.03603212,12.71634687,12.92947065,1988,False
2023-04-11,13.05379105,13.12483202,12.716346,12.716346,50000,False
2023-04-12,13.51555824,13.55107873,13.10707222,13.10707222,5000,False
2023-04-13,13.56883812,13.67539958,13.28467424,13.58659879,4000,False
2023-04-16,14.13716698,14.22596862,13.53331787,13.56883835,2766,False
2023-04-17,13.56883812,14.51013225,13.42675618,14.13716673,1332,False
2023-04-25,13.78196144,13.87076223,13.24915333,13.58659835,2890,False
2023-04-26,13.56883812,13.81748236,13.56883812,13.76420121,2613,False
2023-04-27,13.28467464,13.65764018,13.21363367,13.56883854,5497,False
2023-04-30,13.28467464,13.28467464,13.28467464,13.28467464,0,True
2023-05-01,13.28467464,13.28467464,13.28467464,13.28467464,0,True
2023-05-02,13.76420116,13.78196183,13.40899631,13.46227662,1029,False
2023-05-03,13.5865984,13.7997213,13.46227628,13.7997213,2416,False
2023-05-04,13.69316101,13.87076345,13.42675693,13.53331839,1500,False
2023-05-07,14.01284504,14.17268765,13.74644097,13.79972212,2179,False
2023-05-08,14.3147707,14.33252967,13.94180431,14.04836577,4000,False
2023-05-09,12.89394855,13.94180327,12.89394855,13.67539921,1500,False
2023-05-10,12.66306496,12.71634526,12.04145606,12.43218138,5000,False
2023-05-11,12.66306496,12.71634526,12.5565035,12.66306496,1789,False
2023-05-14,12.34338093,12.69858665,12.34338093,12.68082599,17323,False
2023-05-15,12.50322247,12.53874295,12.27233889,12.32562004,4000,False
2023-05-16,12.43218231,12.59202493,12.34338067,12.57426426,4264,False
2023-05-17,12.48546219,12.48546219,12.32561959,12.37889989,2000,False
2023-05-18,12.43218231,12.52098395,12.41442165,12.48546347,4000,False
2023-05-21,12.3611412,12.44994284,12.32562072,12.43218218,1985,False
2023-05-22,12.39666176,12.41442158,12.32562078,12.37890109,2500,False
2023-05-23,12.60978508,12.60978508,12.343381,12.37890148,5000,False
2023-05-24,12.48546219,12.73410557,12.37889989,12.60978346,2500,False
2023-05-25,12.34338093,12.48546373,12.34338093,12.48546373,2000,False
2023-05-28,12.13025761,12.44994283,12.0769773,12.37890101,2200,False
2023-05-29,12.21905899,12.25457948,12.05921638,12.09473687,1500,False
2023-05-30,12.16577816,12.37890108,12.16577816,12.30786011,3673,False
2023-05-31,12.23681927,12.29010042,12.09473732,12.16577829,7915,False
2023-06-01,12.16577816,12.27233962,12.14801834,12.23681913,6000,False
2023-06-04,12.30786037,12.39666202,12.29010055,12.32562104,2604,False
2023-06-05,12.37890148,12.37890148,12.29010069,12.30786051,1830,False
2023-06-06,12.32562065,12.37890096,12.25457968,12.34338047,5000,False
2023-06-07,12.60978508,12.62754575,12.343381,12.343381,1400,False
2023-06-08,12.16577816,12.27233962,12.14801834,12.23681913,2262,False
2023-06-11,12.53874397,12.59202513,12.50322349,12.53874397,7000,False
2023-06-12,12.55650425,12.57426407,12.46770261,12.52098376,2000,False
2023-06-13,12.6275444,12.78738616,12.55650343,12.55650343,1491,False
2023-06-14,12.66306496,12.73410593,12.60978381,12.62754447,5746,False
2023-06-15,12.69858551,12.71634533,12.52098309,12.68082484,1429,False
2023-06-18,12.64530468,12.75186614,12.64530468,12.71634565,2502,False
2023-06-19,12.55650425,12.64530504,12.55650425,12.64530504,1953855,False
2023-06-20,12.5920248,12.60978462,12.46770268,12.46770268,1624998,False
2023-06-21,12.64530468,12.68082517,12.48546292,12.59202438,3034213,False
2023-06-22,12.57426453,12.69858666,12.50322355,12.66306617,3692704,False
2023-07-02,12.79518795,12.81359871,12.70313676,12.73995741,3007245,False
2023-07-03,12.66631603,12.79518787,12.61108462,12.79518787,3421874,False
2023-07-04,12.72154617,12.79518747,12.57426358,12.66631564,2717001,False
2023-07-05,12.70313644,12.75836698,12.66631579,12.75836698,1975061,False
2023-07-06,12.62949562,12.70313692,12.59267497,12.66631627,2665135,False
2023-07-09,12.70313644,12.72154633,12.5190332,12.61108438,2112769,False
2023-07-10,12.70313644,12.72154633,12.62949514,12.70313644,2363116,False
2023-07-11,13.05293369,13.10816423,12.6847263,12.70313706,8883846,False
2023-07-12,12.97929287,13.14498537,12.86883003,13.05293418,5207970,False
2023-07-13,12.85041904,12.99770164,12.81359839,12.97929176,3647090,False
2023-07-16,12.86882973,12.94247191,12.77677854,12.85041984,1930434,False
2023-07-17,12.9424715,12.9424715,12.73995749,12.86882932,2410033,False
2023-07-18,12.81359863,12.92406058,12.81359863,12.92406058,2573967,False
2023-07-19,12.75836754,12.83200884,12.72154689,12.79518819,1965050,False
2023-07-20,12.77677822,12.79518811,12.70313692,12.79518811,1523489,False
2023-07-23,12.70313644,12.79518763,12.68472568,12.77677774,1445127,False
2023-07-24,12.66631603,12.85041928,12.66631603,12.73995733,3901378,False
2023-07-25,12.73995781,12.77677846,12.64790574,12.70313716,2428373,False
2023-07-26,12.70313644,12.73995709,12.61108438,12.72154633,3101632,False
2023-07-27,12.51903343,12.73995733,12.44539213,12.66631603,6035160,False
2023-07-30,12.39016151,12.6294962,12.37175075,12.51903424,2760070,False
2023-07-31,12.35334015,12.40857069,12.2428782,12.3901608,3340670,False
2023-08-01,12.53744316,12.61108446,12.33492915,12.35333991,4013433,False
2023-08-02,12.37174988,12.57426389,12.35333999,12.53744324,1346112,False
2023-08-03,12.42698097,12.48221239,12.33492891,12.35333967,1301619,False
2023-08-06,12.07718468,12.42698129,11.96672273,12.42698129,3354050,False
2023-08-07,11.6537466,12.09559528,11.61692596,12.07718452,3650448,False
2023-08-08,11.7089777,11.72738758,11.5616951,11.65374629,1961954,False
2023-08-09,11.87467098,11.91149163,11.65374708,11.78261979,1987133,False
2023-08-10,11.92990208,12.04036403,11.83785001,11.91149131,2045204,False
2023-08-13,11.94831181,12.02195398,11.87467051,12.00354322,1188060,False
2023-08-14,11.85626125,11.94831244,11.85626125,11.94831244,1060096,False
2023-08-15,11.83784962,11.92990168,11.80102897,11.83784962,1648145,False
2023-08-16,11.81943989,11.91149107,11.80102912,11.80102912,1763333,False
2023-08-17,11.81943989,11.89308119,11.72738783,11.80102912,1457550,False
2023-08-20,11.89308167,11.9483122,11.8010296,11.81944036,881421,False
2023-08-21,11.81943989,11.94831172,11.76420847,11.94831172,2815192,False
2023-08-22,12.09559631,12.15082685,11.76420956,11.87467152,3709859,False
2023-08-23,12.33492947,12.46380218,12.04036426,12.05877502,5802075,False
2023-08-24,12.57426453,12.64790583,12.31651996,12.40857115,4390523,False
2023-08-27,12.51903343,12.61108462,12.39016072,12.57426397,1564104,False
2023-08-28,12.48221302,12.57426421,12.3533403,12.51903367,2191164,False
2023-08-29,12.57426453,12.59267529,12.40857115,12.48221334,2273035,False
2023-08-30,12.50062275,12.57426405,12.4638021,12.57426405,1217744,False
2023-08-31,12.42698097,12.48221239,12.37174956,12.46380162,3160224,False
2023-09-03,12.29810905,12.40857101,12.2612884,12.39016112,1258143,False
2023-09-04,12.13241577,12.29810825,12.09559512,12.29810825,1572084,False
2023-09-05,11.98513412,12.16923739,11.94831259,12.13241673,2617382,False
2023-09-06,11.87467098,11.98513381,11.8562611,11.98513381,1266647,False
2023-09-07,12.00354385,12.02195462,11.83785048,11.85626125,1897454,False
2023-09-10,12.00354385,12.00354385,12.00354385,12.00354385,0,True
2023-09-11,12.35334015,12.37175004,12.15082613,12.22446743,2231017,False
2023-09-12,12.24287796,12.35333991,12.20605731,12.35333991,1149469,False
2023-09-13,12.16923714,12.29810898,12.13241649,12.22446767,1664195,False
2023-09-14,12.40857029,12.40857029,11.98513326,12.20605716,3002885,False
2023-09-17,12.40857029,12.40857029,12.40857029,12.40857029,0,True
2023-09-18,12.13241577,12.37174955,12.07718436,12.37174955,2736589,False
2023-09-19,12.16923714,12.18764702,11.96672312,12.09559583,1703769,False
2023-09-20,11.96672344,12.16923747,11.92990279,12.16923747,2546264,False
2023-09-21,11.96672344,12.00354409,11.87467137,11.96672344,1482858,False
2023-09-25,12.00354385,12.00354385,11.8194406,11.92990255,1099041,False
2023-09-26,11.89308167,12.00354362,11.83785025,11.96672297,1358036,False
2023-09-27,12.07718468,12.07718468,11.85626078,11.89308143,1818711,False
2023-09-28,12.11400509,12.15082574,11.92990184,12.07718444,1231963,False
2023-10-01,12.11400509,12.11400509,12.11400509,12.11400509,0,True
2023-10-02,12.40857029,12.6110843,12.29810834,12.55585377,2173392,False
2023-10-03,12.29810905,12.42698177,12.22446775,12.42698177,1030472,False
2023-10-04,12.05877495,12.29810874,12.05877495,12.20605755,1050566,False
2023-10-05,12.11400509,12.29810834,11.98513325,12.0219539,1222825,False
2023-10-08,11.92990208,12.11400533,11.87467066,12.00354338,2465026,False
2023-10-09,11.91149139,12.02195422,11.85626086,11.92990216,982480,False
2023-10-10,12.05877495,12.18764679,11.92990223,11.92990223,1538693,False
2023-10-11,11.96672344,12.16923747,11.81944083,12.00354409,2069202,False
2023-10-12,11.96672344,12.05877551,11.87467137,11.87467137,1182701,False
2023-10-15,11.91149139,12.00354346,11.91149139,11.98513357,879227,False
2023-10-16,11.94831181,12.00354322,11.85626062,11.91149116,1371487,False
2023-10-17,11.94831181,12.07718452,11.92990192,11.94831181,1838036,False
2023-10-18,12.00354385,12.18764711,11.91149179,11.92990255,3921666,False
2023-10-19,11.96672344,12.00354409,11.92990279,11.96672344,1450537,False
2023-10-22,12.26128769,12.35333975,11.85626054,12.07718444,9265634,False
2023-10-23,11.96672344,12.27969943,11.92990279,12.26128866,2905078,False
2023-10-24,11.94831181,12.07718452,11.74579867,11.96672257,1769311,False
2023-10-25,12.07718468,12.16923674,11.89308143,11.94831196,2434463,False
2023-10-26,12.37174988,12.55585401,12.02195414,12.07718468,5594800,False
2023-10-29,12.40857029,12.48221247,12.26128769,12.35333975,2056828,False
2023-10-30,12.27969933,12.519034,12.26128856,12.4453927,2889066,False
2023-10-31,12.70313644,12.70313644,12.29810842,12.29810842,7761356,False
2023-11-01,12.72154617,12.79518747,12.48221239,12.70313629,4668382,False
2023-11-02,12.64790535,12.81359872,12.55585416,12.684726,3040573,False
2023-11-05,12.90565014,12.90565014,12.66631548,12.72154602,4158185,False
2023-11-06,12.79518795,12.96088132,12.684726,12.90565078,3797634,False
2023-11-07,12.70313644,12.79518763,12.62949514,12.79518763,1855696,False
2023-11-08,13.34749889,13.55001292,13.07134357,13.21862617,18105299,False
2023-11-09,13.34749889,13.62365422,13.27385759,13.34749889,6279365,False
2023-11-12,13.01611233,13.36590894,12.96088091,13.31067752,3961506,False
2023-11-13,13.07134342,13.23703679,12.90565093,13.01611288,4180637,False
2023-11-14,13.16339588,13.23703719,13.08975458,13.10816446,2277947,False
2023-11-15,13.21862602,13.23703679,13.10816407,13.14498472,2741551,False
2023-11-16,13.05293369,13.21862619,12.96088163,13.21862619,3821545,False
2023-11-19,13.10816383,13.1265746,12.99770188,13.0529333,1835021,False
2023-11-20,13.07134342,13.18180538,13.01611288,13.10816407,2685291,False
2023-11-21,12.97929287,13.31067875,12.94247222,13.21862667,6044244,False
2023-11-22,12.96088123,12.99770188,12.85041928,12.96088123,2068579,False
2023-11-23,12.96088123,12.99770188,12.85041928,12.96088123,2068579,False
2023-11-26,12.88724041,12.94247183,12.85041976,12.85041976,1114805,False
2023-11-27,12.83200836,12.94247119,12.83200836,12.88723978,1331339,False
2023-11-28,12.92406082,12.92406082,12.7951881,12.86882941,2026866,False
2023-11-29,12.90565014,12.94247079,12.83200796,12.94247079,1450482,False
2023-11-30,12.97929287,12.97929287,12.81359949,12.8872408,2912328,False
2023-12-03,12.90565014,12.97929144,12.86882861,12.96088067,1280439,False
2023-12-04,12.88724041,12.94247183,12.86882965,12.94247183,1403029,False
2023-12-05,12.88724041,12.88724041,12.79518834,12.86882965,1341862,False
2023-12-06,12.96088123,12.979292,12.83200852,12.88723993,2332958,False
2023-12-07,13.38431931,13.40273007,12.92406073,12.9424715,8715661,False
2023-12-10,13.55001259,13.77093649,13.38431922,13.42113987,6044498,False
2023-12-11,13.10816383,13.5684224,13.10816383,13.53160175,5485604,False
2023-12-12,12.99770164,13.16339501,12.94247111,13.12657436,3333529,False
2023-12-13,13.01611233,13.07134286,12.94247103,12.99770156,2209557,False
2023-12-14,13.0897541,13.18180529,13.0161128,13.05293345,3521337,False
2023-12-17,12.97929287,13.18180602,12.97929287,13.14498537,2181292,False
2023-12-18,12.9424715,13.03452269,12.9424715,12.97929216,2153530,False
2023-12-19,12.85041904,13.01611241,12.83200828,12.96088099,3589245,False
2023-12-20,12.85041904,12.92406034,12.85041904,12.86882893,3616653,False
2023-12-21,12.92406082,12.97929224,12.81359887,12.86882941,1849867,False
2023-12-24,12.92406082,12.99770212,12.88724017,12.88724017,1247842,False
2023-12-25,13.01611233,13.05293298,12.90565038,12.92406026,1430574,False
2023-12-26,13.0897541,13.20021606,13.0161128,13.05293345,3241489,False
2023-12-27,12.99770164,13.12657436,12.94247111,13.10816359,2814000,False
2023-12-28,12.99770164,13.05293306,12.94247111,13.01611241,2095561,False
2023-12-31,12.96088123,13.01611265,12.92406058,12.99770188,2170425,False
2024-01-01,13.12657452,13.1449844,12.88723985,12.94247127,4847537,False
2024-01-02,13.36590958,13.36590958,13.07134349,13.14498479,6541304,False
2024-01-03,13.03452206,13.36590878,12.99770141,13.32908725,5011047,False
2024-01-04,13.0897541,13.10816399,12.9424715,12.96088139,3690057,False
2024-01-07,13.12657452,13.20021582,13.05293322,13.12657452,3726760,False
2024-01-08,13.03452206,13.2186253,13.03452206,13.144984,3807661,False
2024-01-09,12.96088123,13.0529333,12.9056507,13.03452253,3191074,False
2024-01-10,12.90565014,12.97929144,12.88723938,12.96088067,2907036,False
2024-01-11,12.81359863,12.979292,12.77677798,12.9056507,3975070,False
2024-01-14,12.59267521,12.79518836,12.53744379,12.7583677,3642167,False
2024-01-15,12.55585384,12.62949514,12.48221254,12.61108438,3249770,False
2024-01-16,12.57426453,12.62949594,12.48221334,12.55585464,3337979,False
2024-01-17,12.31651878,12.59267409,12.22446672,12.57426332,5718076,False
2024-01-18,12.24287796,12.31651926,12.13241601,12.27969861,2912288,False
2024-01-21,12.20605755,12.29810874,12.1692369,12.2428782,1787953,False
2024-01-22,12.20605755,12.20605755,12.20605755,12.20605755,0,True
2024-01-23,12.29810905,12.35334047,12.20605786,12.29810905,1765403,False
2024-01-24,12.51903343,12.51903343,12.31651942,12.31651942,2631203,False
2024-01-25,12.37174988,12.55585401,12.35333999,12.50062259,2783544,False
2024-01-28,12.29810905,12.40857101,12.29810905,12.40857101,1486012,False
2024-01-29,12.39016151,12.44539293,12.26128879,12.29810944,1997661,False
2024-01-30,12.35334015,12.40857069,12.18764678,12.3901608,3019180,False
2024-01-31,12.27969933,12.39016128,12.22446791,12.22446791,1993279,False
2024-02-01,12.31651878,12.31651878,12.20605684,12.26128737,1465907,False
2024-02-04,12.33492947,12.37175012,12.24287828,12.31651958,869162,False
2024-02-05,12.50062275,12.51903351,12.29810873,12.37175003,3307239,False
2024-02-06,12.55585384,12.55585384,12.37174972,12.50062243,2401256,False
2024-02-07,12.64790535,12.64790535,12.4638021,12.51903351,2923106,False
2024-02-08,12.64790535,12.64790535,12.4638021,12.51903351,2923106,False
2024-02-11,12.62949562,12.79518811,12.57426421,12.72154681,2057010,False
2024-02-12,12.48221302,12.64790551,12.37175019,12.64790551,2481539,False
2024-02-13,12.66631603,12.68472592,12.39016072,12.42698137,3055143,False
2024-02-14,12.57426453,12.6663166,12.51903399,12.6663166,2331685,False
2024-02-15,12.61108398,12.62949475,12.5190328,12.53744269,1423621,False
2024-02-18,12.64790535,12.72154665,12.51903351,12.57426405,2097973,False
2024-02-19,13.03452206,13.20021542,12.62949492,12.66631557,11413500,False
2024-02-20,12.96088123,13.07134318,12.85041928,13.03452253,4505715,False
2024-02-21,12.96088123,13.1265746,12.92406058,13.01611265,5272517,False
2024-02-25,13.05293369,13.08975434,12.94247174,12.96088163,2308415,False
2024-02-26,13.18180561,13.34749898,12.97929247,13.05293377,7941254,False
2024-02-27,13.20021534,13.29226652,13.08975339,13.18180458,2547919,False
2024-02-28,13.80775642,13.84457707,13.18180452,13.21862517,14218831,False
2024-02-29,13.71570492,13.97345035,13.64206362,13.80775698,8809145,False
2024-03-03,12.85041904,13.88139811,12.53744308,13.80775682,50141011,False
2024-03-04,12.18764687,12.97929218,12.13241633,12.97929218,28226457,False
2024-03-05,12.18764687,12.18764687,12.18764687,12.18764687,0,True
2024-03-06,11.98513412,12.16923739,11.92990271,12.04036466,10801091,False
2024-03-07,11.87467098,12.02195446,11.8562611,12.0035437,9255959,False
2024-03-10,11.92990208,11.98513349,11.89308143,11.91149131,5207053,False
2024-03-11,11.96672344,12.04036475,11.87467137,11.94831268,5757112,False
2024-03-12,11.92990208,12.02195414,11.89308143,12.00354338,4187576,False
2024-03-13,11.91149139,11.96672281,11.89308151,11.92990216,5449292,False
2024-03-14,11.91149139,12.02195422,11.89308151,11.91149139,8463902,False
2024-03-17,12.09559631,12.1140062,11.89308228,11.89308228,7406133,False
2024-03-18,11.98513412,12.13241673,11.92990271,12.13241673,7674301,False
2024-03-19,11.98513412,12.00354401,11.92990271,11.98513412,4199954,False
2024-03-20,11.96672344,12.00354409,11.91149202,11.98513421,3826762,False
2024-03-21,11.92990208,12.00354338,11.91149131,11.96672273,4487422,False
2024-03-24,11.92990208,12.00354338,11.87467066,11.94831196,4812891,False
2024-03-25,11.78261948,11.92990208,11.78261948,11.92990208,5063228,False
2024-03-26,11.67215824,11.83785074,11.59851694,11.80103009,6553241,False
2024-03-27,11.72738743,11.78261884,11.63533625,11.67215689,2778554,False
2024-03-28,11.61692619,11.78261956,11.54328489,11.7642088,5475413,False
2024-03-31,11.61692619,11.63533696,11.54328489,11.61692619,2857122,False
2024-04-01,11.61692619,11.63533696,11.56169566,11.59851631,2624042,False
2024-04-02,11.78261948,11.78261948,11.59851623,11.63533688,2503159,False
2024-04-03,11.80103016,11.85626158,11.76420951,11.80103016,2649941,False
2024-04-04,11.91149139,11.98513357,11.80102944,11.80102944,3430292,False
2024-04-15,11.72738743,11.83784937,11.70897754,11.78261884,3297024,False
2024-04-16,11.50646496,11.74579964,11.41441289,11.74579964,5968714,False
2024-04-17,11.4144125,11.54328522,11.32236131,11.50646457,3786740,False
2024-04-18,11.37759209,11.45123339,11.32236155,11.41441274,2080219,False
2024-04-21,11.4144125,11.45123315,11.35918196,11.4144125,2020213,False
2024-04-22,11.37759209,11.45123339,11.34077143,11.4328235,2207776,False
2024-04-23,11.2671299,11.4144125,11.2671299,11.37759185,2561003,False
2024-04-24,11.08302689,11.3039508,11.04620623,11.26713015,2826586,False
2024-04-25,11.15666771,11.21189912,11.06461652,11.10143717,1470776,False
2024-04-28,11.15666771,11.15666771,11.15666771,11.15666771,0,True
2024-04-29,11.15666771,11.15666771,11.08302641,11.08302641,2357172,False
2024-04-30,11.11984634,11.2118984,11.0830257,11.2118984,2120113,False
2024-05-01,11.15666771,11.19348836,11.10143717,11.11984706,1183024,False
2024-05-02,11.32236099,11.34077088,11.13825774,11.13825774,1794050,False
2024-05-05,11.23030853,11.34077048,11.21189865,11.34077048,1096662,False
2024-05-06,11.17507839,11.24871969,11.13825774,11.23030893,1437790,False
2024-05-07,11.17507839,11.23030893,11.15666763,11.23030893,1222569,False
2024-05-08,11.19348812,11.28554018,11.13825759,11.19348812,2186545,False
2024-05-09,11.13825798,11.24871993,11.13825798,11.19348852,1830001,False
2024-05-12,10.9725647,11.17507872,10.9725647,11.15666796,3984827,False
2024-05-13,10.89892387,10.99097507,10.82528257,10.97256518,2775153,False
2024-05-14,10.65958786,10.89892251,10.64117797,10.89892251,3019460,False
2024-05-15,10.62276745,10.69640875,10.60435756,10.67799886,2128864,False
2024-05-16,10.65958786,10.75163992,10.62276721,10.64117797,2367471,False
2024-05-19,10.65958786,10.65958786,10.65958786,10.65958786,0,True
2024-05-20,10.64117813,10.65958802,10.53071531,10.64117813,1890110,False
2024-05-21,11.00938511,11.00938511,10.60435795,10.6411786,3180425,False
2024-05-22,11.10143757,11.13825822,10.97256485,11.0093855,3928801,False
2024-05-23,11.00938511,11.13825783,11.00938511,11.08302641,2178254,False
2024-05-26,10.84369183,11.02779508,10.82528194,11.00938519,1216374,False
2024-05-27,10.80687141,10.89892348,10.67799957,10.86210283,1749417,False
2024-05-28,10.53071499,10.7884604,10.53071499,10.7884604,2478885,False
2024-05-29,10.53071499,10.5859464,10.47548446,10.54912575,1867433,False
2024-05-30,10.53071499,10.53071499,10.53071499,10.53071499,0,True
2024-06-02,10.53071499,10.53071499,10.53071499,10.53071499,0,True
2024-06-03,10.71481991,10.75164056,10.51230589,10.51230589,3316427,False
2024-06-04,10.43866444,10.73322964,10.42025367,10.73322964,3381846,False
2024-06-05,10.43866444,10.53071562,10.36502314,10.43866444,8039806,False
2024-06-06,10.60435867,10.82528259,10.43866529,10.49389584,18366327,False
2024-06-09,10.62276745,10.71481951,10.54912615,10.60435756,3031474,False
2024-06-10,10.86210251,10.89892316,10.67799925,10.71481991,11712990,False
2024-06-11,10.80687141,10.91733337,10.80687141,10.88051272,2384783,False
2024-06-12,10.69640923,10.86210259,10.67799934,10.86210259,2480690,False
2024-06-13,10.84369183,10.84369183,10.65958857,10.67799934,2362088,False
2024-06-23,10.75164032,10.89892292,10.73322956,10.84369151,2360910,False
2024-06-24,10.45707417,10.77005013,10.45707417,10.71481959,4937553,False
2024-06-25,10.54912663,10.60435804,10.42025391,10.42025391,2111391,False
2024-06-26,10.9173336,11.00938567,10.58594773,10.60435849,5436836,False
2024-06-27,10.78846169,11.02779549,10.73323027,11.02779549,4303213,False
2024-06-30,10.78846169,10.78846169,10.78846169,10.78846169,0,True
2024-07-01,10.88461494,10.98076916,10.86538465,10.94230765,3943320,False
2024-07-02,10.78846169,10.90384619,10.75000018,10.88461498,3338607,False
2024-07-03,10.57692242,10.78846112,10.53846092,10.76922991,3419720,False
2024-07-04,10.53846169,10.5961544,10.50000018,10.5961544,1881458,False
2024-07-07,10.55769157,10.61538428,10.53846128,10.53846128,2081683,False
2024-07-08,10.51922989,10.5769226,10.4230766,10.55769139,2423284,False
2024-07-09,10.55769157,10.65384578,10.49999978,10.51923007,1575833,False
2024-07-10,10.57692242,10.67307662,10.53846092,10.61538392,2715242,False
2024-07-11,10.57692242,10.57692242,10.51922971,10.57692242,1275053,False
2024-07-14,10.55769157,10.63461549,10.51923007,10.63461549,1900727,False
2024-07-15,10.51922989,10.5769226,10.4999996,10.55769139,1662584,False
2024-07-16,10.55769157,10.61538428,10.48076857,10.51923007,2711297,False
2024-07-17,10.73076916,10.75000037,10.57692315,10.57692315,3190005,False
2024-07-18,10.80769157,10.82692278,10.67307678,10.71153828,3040411,False
2024-07-21,10.76922989,10.7884611,10.69230689,10.7884611,1405420,False
2024-07-22,10.75,10.80769179,10.7115385,10.76923029,1326787,False
2024-07-23,10.8653841,10.88461439,10.7307684,10.7692299,2530451,False
2024-07-24,10.90384579,11.01923029,10.82692279,10.86538429,2678620,False
2024-07-25,10.57692242,10.82692262,10.49999942,10.82692262,6088410,False
2024-07-28,10.57692242,10.63461512,10.53846092,10.57692242,1844188,False
2024-07-29,10.51922989,10.6153841,10.51922989,10.59615381,1843044,False
2024-07-30,10.44230747,10.57692319,10.44230747,10.55769198,1940079,False
2024-07-31,10.46153831,10.48076861,10.38461531,10.48076861,2426365,False
2024-08-01,10.32692242,10.48076842,10.30769213,10.46153813,2155230,False
2024-08-04,10.26923084,10.32692264,10.09615363,10.26923084,2970504,False
2024-08-05,10.09615326,10.28846076,9.903845762,10.24999926,3332696,False
2024-08-06,10.17307663,10.26923084,10.13461513,10.13461513,1618954,False
2024-08-07,10.34615421,10.38461572,10.1923082,10.2115385,2093252,False
2024-08-08,10.21153831,10.44230732,10.15384652,10.34615403,2237617,False
2024-08-11,10.17307663,10.28846113,10.15384634,10.21153813,1476570,False
2024-08-12,10.13461494,10.19230765,10.09615344,10.19230765,1455226,False
2024-08-13,10.13461494,10.17307644,10.05769194,10.05769194,1195109,False
2024-08-14,10.13461494,10.24999945,10.09615344,10.09615344,2453992,False
2024-08-15,10.19230747,10.21153776,10.11538447,10.17307626,1843369,False
2024-08-18,10.26923084,10.32692264,10.19230784,10.19230784,3457645,False
2024-08-19,10.30769253,10.40384582,10.24999982,10.28846132,3185166,False
2024-08-20,10.30769253,10.38461553,10.26923103,10.36538432,3421451,False
2024-08-21,10.4807682,10.53846091,10.28846071,10.28846071,6688875,False
2024-08-22,10.4807682,10.53846091,10.42307641,10.4807682,3213603,False
2024-08-25,10.84615326,10.90384597,10.57692275,10.57692275,7799048,False
2024-08-26,10.73076916,10.88461517,10.69230766,10.84615366,5052811,False
2024-08-27,10.69230747,10.78846168,10.69230747,10.75000018,2177460,False
2024-08-28,10.82692337,10.82692337,10.67307736,10.67307736,2762846,False
2024-08-29,10.75,10.84615329,10.75,10.80769179,2938043,False
2024-09-01,10.80769157,10.84615307,10.74999978,10.80769157,2493949,False
2024-09-02,10.80769157,10.88461457,10.78846128,10.78846128,2924705,False
2024-09-03,10.71153831,10.82692282,10.67307681,10.82692282,3893919,False
2024-09-04,10.6346159,10.69230769,10.5961544,10.6730774,1927864,False
2024-09-05,10.71153831,10.73076861,10.61538411,10.61538411,2146410,False
2024-09-08,10.55769157,10.65384578,10.51923007,10.61538428,1812859,False
2024-09-09,10.5,10.576923,10.5,10.55769179,1417217,False
2024-09-10,10.5,10.55769179,10.44230729,10.5384615,1272879,False
2024-09-11,10.26923084,10.49999985,10.26923084,10.49999985,1483796,False
2024-09-12,10.28846073,10.40384523,10.26923044,10.34615344,1237329,False
2024-09-15,10.32692242,10.38461513,10.28846092,10.32692242,1161316,False
2024-09-16,10.5,10.51923029,10.23076949,10.3846155,1885942,False
2024-09-17,10.76922989,10.92307589,10.46153789,10.48076819,6948424,False
2024-09-18,10.73076916,10.80769216,10.65384615,10.80769216,2103009,False
2024-09-19,10.71153831,10.84615311,10.65384561,10.80769161,2378111,False
2024-09-22,10.71153831,10.78846131,10.65384561,10.74999981,1075413,False
2024-09-24,10.57692242,10.67307662,10.57692242,10.63461512,4095883,False
2024-09-25,10.6153841,10.6153841,10.55769139,10.5769226,1662176,False
2024-09-26,10.55769157,10.61538428,10.55769157,10.61538428,1880934,False
2024-09-29,10.69230747,10.75000018,10.49999997,10.55769176,3190687,False
2024-09-30,10.53846169,10.7115389,10.51923048,10.69230769,3618951,False
2024-10-01,10.6346159,10.6730774,10.53846168,10.55769198,1676723,False
2024-10-02,10.6346159,10.6346159,10.6346159,10.6346159,0,True
2024-10-03,10.38461494,10.49999944,10.34615344,10.44230674,1861205,False
2024-10-06,10.19230747,10.44230676,10.17307626,10.40384526,1699433,False
2024-10-07,10.32692242,10.32692242,10.15384612,10.15384612,2012544,False
2024-10-08,10.21153831,10.30769253,10.15384652,10.30769253,1997767,False
2024-10-09,10.15384674,10.25000004,10.11538524,10.23076975,1331072,False
2024-10-10,10.21153831,10.23076952,10.09615381,10.15384652,1266646,False
2024-10-13,10.25,10.326923,10.2115385,10.23076971,1467163,False
2024-10-14,10.21153831,10.26923103,10.15384652,10.24999982,1816196,False
2024-10-15,10.25,10.25,10.173077,10.2115385,1392801,False
2024-10-16,10.69230747,10.69230747,10.17307675,10.24999975,4423521,False
2024-10-17,10.40384579,10.59615421,10.38461549,10.576923,2624503,False
2024-10-20,10.28846073,10.40384523,10.26923044,10.40384523,802432,False
2024-10-21,10.40384579,10.40384579,10.24999978,10.28846128,1868409,False
2024-10-22,10.28846073,10.40384523,10.28846073,10.30769194,1428319,False
2024-10-23,10.30769253,10.44230733,10.28846132,10.28846132,1632405,False
2024-10-24,10.28846073,10.34615344,10.26923044,10.32692223,1138056,False
2024-10-27,10.44230747,10.44230747,10.32692297,10.34615418,2270892,False
2024-10-28,10.34615421,10.48076901,10.34615421,10.44230751,1665342,False
2024-10-29,10.38461494,10.59615365,10.26923045,10.49999944,4516869,False
2024-10-30,10.26923084,10.40384564,10.24999963,10.38461535,3288342,False
2024-10-31,10.15384674,10.28846154,10.11538524,10.28846154,2940383,False
2024-11-03,10.11538506,10.19230806,10.09615385,10.15384656,1717143,False
2024-11-04,10.07692242,10.17307663,10.03846092,10.13461513,1962575,False
2024-11-05,9.999999046,10.07692205,9.961537547,10.07692205,1878510,False
2024-11-06,10.07692242,10.09615363,9.999999415,10.05769212,2012522,False
2024-11-07,10.17307663,10.17307663,10.03846092,10.09615363,2334137,False
2024-11-10,10.07692242,10.19230784,10.07692242,10.19230784,1874990,False
2024-11-11,10.07692242,10.11538483,10.05769212,10.11538483,1975331,False
2024-11-12,10.17307663,10.23076934,10.11538484,10.17307663,2635369,False
2024-11-13,10.03846073,10.13461494,10.03846073,10.13461494,1449780,False
2024-11-14,9.980769157,10.05769216,9.961537948,10.05769216,2325527,False
2024-11-17,9.980769157,9.980769157,9.980769157,9.980769157,0,True
2024-11-18,9.999999046,10.01923025,9.923076047,9.961537547,1908728,False
2024-11-19,10.03846073,10.03846073,9.923076231,9.999999231,1369527,False
2024-11-20,9.999999046,10.05769175,9.961537547,9.999999046,1207410,False
2024-11-21,9.942307472,10.01923047,9.923076264,9.980768973,1405175,False
2024-11-24,10.05769253,10.05769253,9.961538313,9.999999816,1138824,False
2024-11-25,10.44230747,10.44230747,9.942307944,10.05769245,7697045,False
2024-11-26,10.03846073,10.13461494,10.01923044,10.13461494,1905943,False
2024-11-27,9.961538315,10.07692282,9.90384652,10.05769253,1747580,False
2024-11-28,9.942307472,10.01923047,9.942307472,9.980768973,912848,False
2024-12-01,9.942307472,10.01923047,9.942307472,9.980768973,912848,False
2024-12-02,9.865384102,9.9423071,9.826922603,9.9423071,2257012,False
2024-12-03,9.884614944,9.903846153,9.826923151,9.865384652,1245919,False
2024-12-04,9.82692337,9.903846374,9.82692337,9.884615165,2594019,False
2024-12-05,9.846153259,9.88461476,9.807691759,9.826922968,1382781,False
2024-12-08,9.942307472,9.942307472,9.865384472,9.865384472,1319074,False
2024-12-09,9.961538315,9.999999817,9.90384652,9.942308022,1665997,False
2024-12-10,9.999999046,10.01923025,9.942307256,9.961537547,943686,False
2024-12-11,9.999999046,10.03846055,9.942307256,9.999999046,1153183,False
2024-12-12,9.942307472,10.01923047,9.942307472,9.999999264,849382,False
2024-12-15,9.92307663,9.961538131,9.903846337,9.942307839,978168,False
2024-12-16,9.884614944,9.942307655,9.865384652,9.923076446,930698,False
2024-12-17,9.846153259,9.903845968,9.846153259,9.903845968,923366,False
2024-12-18,9.903845787,9.903845787,9.826922788,9.846153079,883037,False
2024-12-19,9.82692337,9.923076667,9.82692337,9.884615165,1760217,False
2024-12-22,9.807691574,9.923076073,9.807691574,9.846153074,1206929,False
2024-12-23,9.807691574,9.846153074,9.788461283,9.807691574,935894,False
2024-12-24,9.82692337,9.82692337,9.788461868,9.807692161,644164,False
2024-12-25,9.903845787,9.903845787,9.788461288,9.826922788,954103,False
2024-12-26,9.884614944,9.903846153,9.826923151,9.903846153,1029709,False
2024-12-29,9.865384102,9.903845601,9.807691395,9.884614393,1284050,False
2024-12-30,9.903845787,9.903845787,9.807691579,9.846153079,803024,False
2024-12-31,9.865384102,9.923075892,9.846152894,9.903845601,959086,False
2025-01-01,9.903845787,9.903845787,9.846153079,9.865384287,392287,False
2025-01-02,9.884614944,9.923076446,9.865384652,9.884614944,753440,False
2025-01-05,9.846153259,9.88461476,9.826922968,9.88461476,865054,False
2025-01-06,9.807691574,9.846153074,9.769230074,9.826922782,1845936,False
2025-01-07,9.82692337,9.82692337,9.750000367,9.807692161,1618984,False
2025-01-08,9.846153259,9.846153259,9.769230259,9.826922968,1416736,False
2025-01-09,9.846153259,9.846153259,9.846153259,9.846153259,0,True
2025-01-12,9.807691574,9.826922782,9.749999783,9.807691574,997258,False
2025-01-13,9.846153259,9.942307469,9.807691759,9.807691759,2523012,False
2025-01-14,9.961538315,9.961538315,9.826923515,9.865385017,1755253,False
2025-01-15,9.942307472,9.999999264,9.903845972,9.961537764,1506445,False
2025-01-16,10.01923084,10.01923084,9.92307663,9.961538131,1718882,False
2025-01-19,9.999999046,10.05769175,9.980768755,10.01923025,1494876,False
2025-01-20,9.980769157,10.01923066,9.923076447,9.999999449,2112329,False
2025-01-21,9.92307663,9.980769341,9.884615128,9.961538131,1199848,False
2025-01-22,9.865384102,9.9423071,9.865384102,9.923075892,1125385,False
2025-01-23,9.942307472,9.942307472,9.846153263,9.865384472,1309663,False
2025-01-26,9.942307472,9.980768973,9.903845972,9.942307472,720554,False
2025-01-27,9.942307472,9.961537764,9.903845972,9.923076264,912382,False
2025-01-28,9.942307472,9.942307472,9.942307472,9.942307472,0,True
2025-01-29,9.942307472,9.942307472,9.942307472,9.942307472,0,True
2025-01-30,10.19230747,10.21153776,9.903845767,9.923076058,6030252,False
2025-02-02,10.21153831,10.26923103,10.11538502,10.23076952,2739583,False
2025-02-03,10.07692242,10.19230784,10.01923062,10.13461513,1898426,False
2025-02-04,10.13461494,10.15384615,10.03846074,10.07692224,1013414,False
2025-02-05,10.23076916,10.23076916,10.11538466,10.13461495,1766826,False
2025-02-06,10.23076916,10.23076916,10.15384616,10.23076916,1042209,False
2025-02-09,10.21153831,10.30769253,10.21153831,10.23076952,1325915,False
2025-02-10,10.15384674,10.23076975,10.11538524,10.19230824,1235400,False
2025-02-11,10.15384674,10.17307703,10.09615403,10.15384674,772793,False
2025-02-12,9.999999046,10.15384596,9.942307256,10.15384596,2773790,False
2025-02-13,10.05769253,10.05769253,9.94230802,9.94230802,1589017,False
2025-02-16,9.980769157,10.07692245,9.980769157,10.05769216,517844,False
2025-02-17,9.884614944,9.980769156,9.884614944,9.961537947,2456629,False
2025-02-18,10.38461494,10.71153815,10.32692224,10.40384524,23924868,False
2025-02-19,10.38461494,10.38461494,10.38461494,10.38461494,0,True
2025-02-20,10.96153736,11.03846036,10.67307658,10.80769136,11976256,False
2025-02-24,11.23076916,11.28846095,10.92307624,10.98076895,10209937,False
2025-02-25,11.13461494,11.26923065,11.03846073,11.23076915,4617614,False
2025-02-26,10.94230747,11.21153798,10.94230747,11.13461498,4305220,False
2025-02-27,10.44230747,11.03846121,10.44230747,10.94230792,51155361,False
2025-03-02,10.46153831,10.76923032,10.46153831,10.57692282,4774557,False
2025-03-03,10.46153831,10.61538432,10.26923081,10.48076861,8122903,False
2025-03-04,10.51922989,10.67307681,10.28846089,10.3846151,5763636,False
2025-03-05,10.4807682,10.57692241,10.34615341,10.53846091,3452679,False
2025-03-06,10.25,10.48076901,10.1538467,10.38461572,5604364,False
2025-03-09,10.26923084,10.32692264,10.21153813,10.23076934,1352155,False
2025-03-10,10.34615421,10.34615421,10.1923082,10.25,2353123,False
2025-03-11,10.46153831,10.49999982,10.1346151,10.2499996,4792118,False
2025-03-12,10.38461494,10.57692244,10.36538374,10.44230674,2831806,False
2025-03-13,10.44230747,10.50000018,10.36538447,10.42307718,2453004,False
2025-03-16,10.6346159,10.65384619,10.38461568,10.48076897,2350767,False
2025-03-17,10.57692242,10.71153812,10.55769121,10.65384542,2384239,False
2025-03-18,10.65384579,10.65384579,10.51923008,10.57692279,1890906,False
2025-03-19,10.65384579,10.8653845,10.61538429,10.6346155,4443660,False
2025-03-20,10.65384579,10.65384579,10.65384579,10.65384579,0,True
2025-03-23,10.51922989,10.59615381,10.3846151,10.5384611,2393239,False
2025-03-24,10.5,10.55769179,10.44230729,10.5,2258416,False
2025-03-25,10.5,10.576923,10.4615385,10.5,2099400,False
2025-03-26,10.75,10.76923029,10.49999979,10.51923008,3745228,False
2025-03-27,10.82692337,10.86538487,10.73076916,10.75000037,2495632,False
2025-04-03,11.3653841,11.46153831,10.69230738,10.75000009,10606111,False
2025-04-06,10.44230747,11.09615393,10.40384597,10.90384642,9026678,False
2025-04-07,10.88461494,10.94230765,10.19230792,10.24999972,8310477,False
2025-04-08,10.98076916,11.17307666,10.82692315,11.03846095,5628676,False
2025-04-09,10.75,11.05769201,10.69230729,10.92307629,3821516,False
2025-04-10,10.75,10.75,10.75,10.75,0,True
2025-04-13,11.63461494,11.63461494,11.21153754,11.21153754,9608845,False
2025-04-14,11.75,11.80769179,11.53846129,11.65384579,9620833,False
2025-04-15,11.90384579,11.94230729,11.73076858,11.78846129,6850133,False
2025-04-16,12.57692242,12.67307663,11.8076915,11.923076,20289791,False
2025-04-17,12.57692242,12.57692242,12.57692242,12.57692242,0,True
2025-04-20,12.51923084,12.57692264,12.28846092,12.42307663,6841012,False
2025-04-21,12.55769253,12.84615333,12.49999982,12.53846132,10117417,False
2025-04-22,12.5,12.63461571,12.44230729,12.5,5476653,False
2025-04-23,12.42307663,12.61538413,12.34615363,12.57692263,8977956,False
2025-04-24,12.5,12.576923,12.40384579,12.4615385,11151989,False
2025-04-27,12.46000004,12.60000038,12.35999966,12.60000038,7283851,False
2025-04-28,12.77999973,12.84000015,12.43999958,12.47999954,10106178,False
2025-04-29,12.65999985,12.77999973,12.57999992,12.77999973,4083171,False
2025-04-30,12.73999977,12.76000023,12.5,12.64000034,5279313,False
2025-05-01,12.47999954,12.73999977,12.46000004,12.69999981,3162804,False
2025-05-04,12.07999992,12.52000046,12.07999992,12.47999954,2251450,False
2025-05-05,12.61999989,12.69999981,12.02000046,12.07999992,5975073,False
2025-05-06,12.53999996,12.77999973,12.39999962,12.60000038,2882728,False
2025-05-07,11.5,11.88000011,11.35999966,11.88000011,17907150,False
2025-05-08,11.07999992,11.57999992,11.07999992,11.5,6384207,False
2025-05-11,11.31999969,11.31999969,11.02000046,11.10000038,4431119,False
2025-05-12,11.52000046,11.56000042,11.31999969,11.34000015,25178682,False
2025-05-13,11.31999969,11.57999992,11.30000019,11.56000042,4280319,False
2025-05-14,11.23999977,11.35999966,11.19999981,11.35999966,3272627,False
2025-05-15,11.0,11.26000023,10.81999969,11.26000023,9114368,False
2025-05-18,11.0,11.0,11.0,11.0,0,True
2025-05-19,11.06000042,11.26000023,11.0,11.06000042,3461259,False
2025-05-20,11.03999996,11.10000038,11.0,11.06000042,2412814,False
2025-05-21,11.06000042,11.11999989,11.02000046,11.03999996,2711824,False
2025-05-22,11.03999996,11.06000042,10.96000004,11.02000046,2422228,False
2025-05-25,10.85999966,11.03999996,10.84000015,11.02000046,1738771,False
2025-05-26,10.84000015,10.96000004,10.77999973,10.85999966,2415448,False
2025-05-27,10.73999977,10.88000011,10.68000031,10.84000015,2042946,False
2025-05-28,10.80000019,10.81999969,10.69999981,10.72000027,1608538,False
2025-05-29,10.89999962,10.89999962,10.73999977,10.81999969,2418004,False
2025-06-01,10.81999969,10.93999958,10.72000027,10.92000008,1145783,False
2025-06-02,10.72000027,10.84000015,10.68000031,10.81999969,1798182,False
2025-06-03,10.69999981,10.77999973,10.65999985,10.72000027,908957,False
2025-06-04,10.76000023,10.81999969,10.72000027,10.73999977,1993237,False
2025-06-11,10.85999966,11.0,10.80000019,10.84000015,2449603,False
2025-06-12,10.56000042,10.76000023,10.52000046,10.73999977,2560403,False
2025-06-15,10.38000011,10.46000004,10.02000046,10.02000046,2733717,False
2025-06-16,10.46000004,10.53999996,10.39999962,10.47999954,2284835,False
2025-06-17,10.30000019,10.47999954,10.26000023,10.42000008,1517524,False
2025-06-18,10.22000027,10.27999973,10.14000034,10.22000027,1456819,False
2025-06-19,10.11999989,10.26000023,10.10000038,10.14000034,1530369,False
2025-06-22,10.19999981,10.30000019,10.11999989,10.15999985,1338887,False
2025-06-23,10.27999973,10.27999973,10.14000034,10.15999985,1402253,False
2025-06-24,10.47999954,10.60000038,10.31999969,10.42000008,4422948,False
2025-06-25,10.46000004,10.52000046,10.42000008,10.5,2256798,False
2025-06-26,10.64000034,10.64000034,10.43999958,10.43999958,1976924,False
2025-06-29,10.69999981,10.82999992,10.60999966,10.68000031,2466580,False
2025-06-30,10.76000023,10.82999992,10.65999985,10.69999981,2094209,False
2025-07-01,10.60999966,10.75,10.60000038,10.75,2234089,False
2025-07-02,10.56000042,10.63000011,10.52000046,10.60999966,1970378,False
2025-07-03,10.63000011,10.67000008,10.52000046,10.52000046,2082035,False
2025-07-06,10.69999981,10.72999954,10.56000042,10.64000034,2115784,False
2025-07-07,10.68999958,10.73999977,10.64000034,10.73999977,1331246,False
2025-07-08,10.56999969,10.68000031,10.56000042,10.68000031,1976936,False
2025-07-09,10.60000038,10.61999989,10.52000046,10.56000042,1243340,False
2025-07-10,10.60999966,10.64000034,10.55000019,10.60000038,1859849,False
2025-07-13,10.57999992,10.61999989,10.56000042,10.60999966,1224811,False
2025-07-14,10.47999954,10.59000015,10.46000004,10.57999992,2125396,False
2025-07-15,10.39000034,10.51000023,10.35000038,10.46000004,1668314,False
2025-07-16,10.34000015,10.43999958,10.31000042,10.39999962,1183983,False
2025-07-17,10.34000015,10.34000015,10.34000015,10.34000015,0,True
2025-07-20,10.34000015,10.43000031,10.30000019,10.39000034,787483,False
2025-07-21,10.14000034,10.32999992,10.14000034,10.32999992,2983135,False
2025-07-22,10.18000031,10.27000046,10.15999985,10.18000031,1958163,False
2025-07-23,10.25,10.27999973,10.17000008,10.18000031,4183911,False
2025-07-24,10.30000019,10.31000042,10.22000027,10.26000023,2750923,False
2025-07-27,10.34000015,10.56999969,10.32999992,10.5,3096130,False
2025-07-28,10.22999954,10.39999962,10.22999954,10.39999962,3503930,False
2025-07-29,10.43000031,10.51000023,10.18000031,10.26000023,4643161,False
2025-07-30,10.31999969,10.52000046,10.27000046,10.51000023,2617150,False
2025-07-31,10.39999962,10.47000027,10.27000046,10.31999969,2621209,False
2025-08-03,10.48999977,10.48999977,10.30000019,10.30000019,1956716,False
2025-08-04,10.63000011,10.72000027,10.40999985,10.40999985,4109270,False
2025-08-05,10.89000034,10.97000027,10.56999969,10.63000011,4482881,False
2025-08-06,10.88000011,11.02000046,10.80000019,10.90999985,3333928,False
2025-08-07,10.90999985,10.97999954,10.85000038,10.88000011,2856730,False
2025-08-10,10.75,10.93000031,10.72000027,10.92000008,1623233,False
2025-08-11,10.57999992,10.80000019,10.57999992,10.72000027,2114369,False
2025-08-12,10.65999985,10.67000008,10.56000042,10.65999985,1316766,False
2025-08-13,10.67000008,10.72000027,10.51000023,10.68000031,2529259,False
2025-08-14,10.69999981,10.72000027,10.61999989,10.68000031,1605830,False
2025-08-17,10.77000046,10.78999996,10.64999962,10.69999981,1190708,False
2025-08-18,10.63000011,10.80000019,10.60999966,10.76000023,2574074,False
2025-08-19,10.77000046,10.78999996,10.63000011,10.64000034,2413690,False
2025-08-20,10.72000027,10.81999969,10.71000004,10.76000023,1892253,False
2025-08-21,10.78999996,10.81000042,10.64999962,10.69999981,2762657,False
2025-08-24,10.85000038,10.89999962,10.78999996,10.80000019,2258251,False
2025-08-25,10.68000031,10.85000038,10.63000011,10.85000038,2693970,False
2025-08-26,10.75,10.75,10.61999989,10.65999985,2070483,False
2025-08-27,10.73999977,10.81999969,10.69999981,10.73999977,1855532,False
2025-08-28,10.65999985,10.77000046,10.61999989,10.72000027,2246641,False
2025-08-31,10.51000023,10.61999989,10.5,10.61999989,1715379,False
2025-09-01,10.52000046,10.56000042,10.43999958,10.52999973,1777297,False
2025-09-02,10.34000015,10.52000046,10.31999969,10.52000046,2493206,False
2025-09-03,10.35999966,10.40999985,10.32999992,10.32999992,1973676,False
2025-09-04,10.39999962,10.39999962,10.31999969,10.35999966,1821117,False
2025-09-07,10.39000034,10.43999958,10.36999989,10.40999985,732042,False
2025-09-08,10.31000042,10.42000008,10.30000019,10.39999962,1919982,False
2025-09-09,10.39999962,10.39999962,10.27999973,10.31000042,2434426,False
2025-09-10,10.31999969,10.43000031,10.31999969,10.39999962,1678816,False
2025-09-11,10.26000023,10.35999966,10.14999962,10.31999969,2401293,False
2025-09-14,10.35000038,10.42000008,10.17000008,10.18999958,1528848,False
2025-09-15,10.18000031,10.40999985,10.18000031,10.34000015,2720403,False
2025-09-16,10.34000015,10.34000015,10.18999958,10.19999981,2461198,False
2025-09-17,10.47999954,10.48999977,10.35000038,10.35999966,2960967,False
2025-09-18,10.57999992,10.57999992,10.44999981,10.47999954,2441231,False
2025-09-21,10.72999954,10.72999954,10.59000015,10.59000015,4021343,False
2025-09-22,10.77000046,10.77999973,10.64000034,10.72999954,3458878,False
2025-09-24,11.30000019,11.35999966,10.77999973,10.80000019,9306830,False
2025-09-25,11.30000019,11.30000019,11.30000019,11.30000019,0,True
2025-09-28,10.86999989,11.14999962,10.85999966,11.07999992,4901201,False
2025-09-29,11.02000046,11.02999973,10.88000011,10.92000008,3797522,False
2025-09-30,11.15999985,11.15999985,11.02999973,11.06000042,4376572,False
2025-10-01,11.15999985,11.15999985,11.02999973,11.06000042,4376572,False
2025-10-02,11.52999973,11.73999977,11.14999962,11.22000027,10753378,False
2025-10-05,11.39999962,11.60999966,11.36999989,11.52999973,3077597,False
2025-10-06,11.35999966,11.46000004,11.34000015,11.46000004,2166900,False
2025-10-07,11.39999962,11.46000004,11.34000015,11.35999966,2168132,False
2025-10-08,11.28999996,11.39000034,11.21000004,11.38000011,1756391,False
2025-10-09,11.39999962,11.39999962,11.22999954,11.28999996,2079087,False
2025-10-12,11.48999977,11.48999977,11.18000031,11.19999981,2217212,False
2025-10-13,11.52999973,11.57999992,11.44999981,11.48999977,2527239,False
2025-10-14,11.43000031,11.56000042,11.31000042,11.51000023,2971129,False
2025-10-15,11.36999989,11.40999985,11.28999996,11.38000011,2188443,False
2025-10-16,11.48999977,11.52000046,11.34000015,11.35000038,2881219,False
2025-10-19,11.32999992,11.51000023,11.31999969,11.48999977,1559442,False
2025-10-20,11.31999969,11.40999985,11.26000023,11.32999992,2220712,False
2025-10-21,11.14999962,11.30000019,11.10000038,11.28999996,3128643,False
2025-10-22,11.18999958,11.22999954,11.09000015,11.13000011,1604036,False
2025-10-23,11.27999973,11.31000042,11.17000008,11.19999981,2035744,False
2025-10-26,11.59000015,11.71000004,11.38000011,11.53999996,6935663,False
2025-10-27,11.39999962,11.61999989,11.31000042,11.53999996,4684537,False
2025-10-28,11.31000042,11.42000008,11.30000019,11.39000034,1863528,False
2025-10-29,11.31999969,11.35999966,11.26000023,11.31000042,1903549,False
2025-10-30,11.48999977,11.56000042,11.35999966,11.35999966,5487296,False
2025-11-02,11.60999966,11.64000034,11.43999958,11.48999977,3190427,False
2025-11-03,11.55000019,11.68999958,11.48999977,11.60000038,2817727,False
2025-11-04,11.57999992,11.59000015,11.46000004,11.52000046,2196139,False
2025-11-05,11.18999958,11.52999973,11.18999958,11.52999973,2859373,False
2025-11-06,11.18999958,11.23999977,11.14000034,11.18999958,1204128,False
2025-11-09,11.13000011,11.18999958,11.02999973,11.18999958,1753000,False
2025-11-10,11.18999958,11.19999981,11.07999992,11.11999989,1155150,False
2025-11-11,11.17000008,11.19999981,11.11999989,11.18000031,1110605,False
2025-11-12,11.14999962,11.22000027,11.11999989,11.14999962,1512450,False
2025-11-13,11.03999996,11.18000031,11.03999996,11.18000031,1555212,False
2025-11-16,10.77999973,11.02000046,10.77000046,11.02000046,2356979,False
2025-11-17,10.85000038,10.88000011,10.75,10.84000015,1578005,False
2025-11-18,10.88000011,10.89999962,10.75,10.84000015,1213261,False
2025-11-19,10.80000019,10.92000008,10.76000023,10.88000011,2070426,False
2025-11-20,10.84000015,10.84000015,10.76000023,10.78999996,635379,False
2025-11-23,10.73999977,10.84000015,10.73999977,10.82999992,751968,False
2025-11-24,10.89999962,10.89999962,10.69999981,10.73999977,1753988,False
2025-11-25,10.72000027,10.89999962,10.68999958,10.89000034,803713,False
2025-11-26,10.67000008,10.72000027,10.60000038,10.72000027,1873071,False
2025-11-27,10.72999954,10.77000046,10.63000011,10.72000027,879527,False
2025-11-30,10.5,10.75,10.5,10.69999981,1039495,False
2025-12-01,10.56000042,10.59000015,10.47999954,10.5,1847251,False
2025-12-02,10.65999985,10.69999981,10.53999996,10.53999996,1174584,False
2025-12-03,10.64999962,10.71000004,10.60000038,10.68000031,778378,False
2025-12-04,10.77999973,10.77999973,10.65999985,10.68000031,964079,False
2025-12-07,10.75,10.81999969,10.73999977,10.80000019,234417,False
2025-12-08,10.63000011,10.77000046,10.61999989,10.77000046,961897,False
2025-12-09,10.64999962,10.67000008,10.60999966,10.63000011,700844,False
2025-12-10,10.76000023,10.77999973,10.67000008,10.67000008,529483,False
2025-12-11,10.68999958,10.81999969,10.64000034,10.77999973,879546,False
2025-12-14,10.5,10.65999985,10.5,10.65999985,1067413,False
2025-12-15,10.53999996,10.53999996,10.42000008,10.5,1465804,False
2025-12-16,10.47999954,10.56000042,10.42000008,10.55000019,695085,False
2025-12-17,10.36999989,10.47999954,10.36999989,10.42000008,1050522,False
2025-12-18,10.36999989,10.44999981,10.35000038,10.44999981,1386210,False
2025-12-21,10.5,10.55000019,10.42000008,10.43999958,490541,False
2025-12-22,10.5,10.53999996,10.43999958,10.53999996,616686,False
2025-12-23,10.51000023,10.52000046,10.43000031,10.5,519969,False
2025-12-24,10.48999977,10.52000046,10.46000004,10.52000046,487430,False
2025-12-25,10.47999954,10.5,10.44999981,10.48999977,150392,False
2025-12-28,10.35999966,10.47999954,10.35999966,10.47999954,666433,False
2025-12-29,10.52000046,10.52000046,10.31999969,10.35999966,795505,False
2025-12-30,10.35999966,10.52000046,10.31000042,10.52000046,741437,False
2025-12-31,10.43000031,10.44999981,10.39000034,10.39999962,540465,False
2026-01-01,10.5,10.51000023,10.44999981,10.48999977,307575,False
2026-01-04,10.39999962,10.52000046,10.35999966,10.5,469503,False
2026-01-05,10.38000011,10.44999981,10.31999969,10.40999985,823514,False
2026-01-06,10.30000019,10.39000034,10.28999996,10.35000038,1021826,False
2026-01-07,10.43000031,10.56999969,10.38000011,10.5,2685573,False
2026-01-08,10.5,10.5,10.34000015,10.39000034,1275191,False
2026-01-11,10.68999958,10.68999958,10.48999977,10.5,651388,False
2026-01-12,10.69999981,10.73999977,10.64000034,10.68000031,1685558,False
2026-01-13,10.71000004,10.80000019,10.69999981,10.71000004,2033911,False
2026-01-14,10.68999958,10.75,10.63000011,10.69999981,1277123,False
2026-01-15,10.53999996,10.64999962,10.53999996,10.64999962,979245,False
2026-01-18,10.51000023,10.64999962,10.51000023,10.53999996,1124868,False
2026-01-19,10.53999996,10.56999969,10.47999954,10.52000046,1668614,False
2026-01-20,10.57999992,10.61999989,10.51000023,10.52999973,983551,False
2026-01-21,10.68000031,10.68000031,10.5,10.53999996,969366,False
2026-01-22,10.77000046,10.77000046,10.65999985,10.68000031,1579776,False
2026-01-25,10.80000019,10.86999989,10.72999954,10.72999954,1710074,False
2026-01-26,10.90999985,10.93000031,10.75,10.80000019,1895783,False
2026-01-27,10.94999981,11.02999973,10.90999985,10.93000031,1899537,False
2026-01-28,11.06000042,11.10999966,10.80000019,10.97000027,2257107,False
2026-01-29,10.96000004,11.07999992,10.96000004,11.0,1445949,False
